# Blender 5.1.2
# www.blender.org
mtllib caladbog3.mtl
o cabdalog
v -0.323145 2.173239 -0.037014
v -0.207073 2.346441 -0.115270
v -0.240267 2.139775 -0.114968
v -0.382529 2.196939 0.000240
v -0.317975 2.474492 -0.000347
v -0.011388 2.851507 -0.117050
v -0.010352 3.109565 -0.003147
v 0.297272 2.474492 -0.005947
v -0.011388 2.851507 -0.117050
v -0.010352 3.109565 -0.003147
v 0.184297 2.346441 -0.118831
v 0.433392 1.889035 -0.007185
v 0.357282 1.906623 -0.047037
v 0.391639 1.893501 -0.029965
v 0.305489 1.926590 -0.073615
v 0.248023 1.948497 -0.119411
v -0.011388 2.851507 -0.117050
v 0.184297 2.346441 -0.118831
v -0.207073 2.346441 -0.115270
v -0.240267 2.139775 -0.114968
v 0.248023 1.948497 -0.119411
v 0.391639 1.893501 -0.029965
v 0.433392 1.889035 -0.007185
v 0.405690 1.888530 0.010451
v 0.370147 1.902532 0.028159
v 0.357282 1.906623 -0.047037
v 0.306720 1.927845 0.061561
v 0.305489 1.926590 -0.073615
v 0.248023 1.948497 -0.119411
v 0.249753 1.950713 0.108399
v -0.240267 2.139775 -0.114968
v -0.237863 2.141682 0.112836
v -0.322460 2.173891 0.038293
v -0.323145 2.173239 -0.037014
v -0.382529 2.196939 0.000240
v -0.317975 2.474492 -0.000347
v -0.009315 2.851507 0.110757
v -0.010352 3.109565 -0.003147
v -0.205000 2.346441 0.112537
v -0.382529 2.196939 0.000240
v -0.322460 2.173891 0.038293
v -0.237863 2.141682 0.112836
v 0.433392 1.889035 -0.007185
v 0.370147 1.902532 0.028159
v 0.405690 1.888530 0.010451
v 0.186370 2.346441 0.108976
v 0.306720 1.927845 0.061561
v 0.249753 1.950713 0.108399
v 0.297272 2.474492 -0.005947
v -0.009315 2.851507 0.110757
v -0.010352 3.109565 -0.003147
v -0.237863 2.141682 0.112836
v 0.186370 2.346441 0.108976
v -0.205000 2.346441 0.112537
v -0.009315 2.851507 0.110757
v 0.249753 1.950713 0.108399
v 0.403857 1.886753 0.010468
v 0.388796 1.892002 -0.031884
v 0.306571 1.925644 0.063448
v 0.305324 1.924063 -0.073613
v 0.281394 1.935800 0.083006
v 0.248354 1.945677 -0.119414
v -0.240763 2.137102 -0.114963
v -0.280636 2.153190 -0.077945
v 0.249931 1.948383 0.108397
v -0.238524 2.139123 0.112842
v -0.322791 2.171103 0.038296
v -0.323476 2.170435 -0.037011
v -0.383369 2.194298 0.000248
v -0.386538 1.134745 0.000277
v -0.390369 1.298509 0.000311
v -0.283125 1.124199 -0.075978
v -0.234768 1.164525 -0.115018
v -0.267716 1.121672 -0.087728
v -0.258592 1.122520 -0.093586
v -0.234768 1.284752 -0.115018
v -0.334017 1.555557 -0.114114
v -0.547681 1.487522 0.001743
v -0.383369 2.194298 0.000248
v -0.323476 2.170435 -0.037011
v -0.280636 2.153190 -0.077945
v -0.240763 2.137102 -0.114963
v 0.272040 1.797202 -0.119630
v 0.248354 1.945677 -0.119414
v 0.306869 1.821684 -0.087122
v 0.305324 1.924063 -0.073613
v 0.388796 1.892002 -0.031884
v -0.240763 2.137102 -0.114963
v -0.334017 1.555557 -0.114114
v -0.234768 1.284752 -0.115018
v -0.234768 1.164525 -0.115018
v 0.310117 1.726331 0.086634
v 0.306869 1.821684 -0.087122
v 0.403857 1.886753 0.010468
v 0.388796 1.892002 -0.031884
v 0.272040 1.797202 -0.119630
v -0.234768 1.164525 -0.115018
v -0.258592 1.122520 -0.093586
v 0.281394 1.935800 0.083006
v 0.284626 1.731562 0.108081
v 0.306571 1.925644 0.063448
v 0.249931 1.948383 0.108397
v 0.310117 1.726331 0.086634
v 0.403857 1.886753 0.010468
v -0.547681 1.487522 0.001743
v -0.390369 1.298509 0.000311
v -0.331944 1.555557 0.113693
v -0.383369 2.194298 0.000248
v -0.322791 2.171103 0.038296
v -0.238524 2.139123 0.112842
v -0.256877 1.350929 0.113010
v -0.285237 1.289332 0.076613
v -0.356616 1.182520 0.025109
v -0.386538 1.134745 0.000277
v 0.215058 1.682418 0.108715
v 0.249931 1.948383 0.108397
v -0.238524 2.139123 0.112842
v 0.284626 1.731562 0.108081
v -0.331944 1.555557 0.113693
v -0.256877 1.350929 0.113010
v 0.310117 1.726331 0.086634
v -0.258592 1.122520 -0.093586
v 0.215058 1.682418 0.108715
v 0.284626 1.731562 0.108081
v -0.256877 1.350929 0.113010
v -0.285237 1.289332 0.076613
v -0.283125 1.124199 -0.075978
v -0.267716 1.121672 -0.087728
v -0.356616 1.182520 0.025109
v -0.386538 1.134745 0.000277
v 0.272880 1.793616 -0.119638
v 0.325048 1.747113 0.076834
v 0.307212 1.817805 -0.087126
v 0.406021 1.885596 0.010448
v 0.391983 1.890648 -0.029968
v -0.108143 1.317564 -0.116170
v 0.311454 1.723869 0.086622
v -0.256120 1.122259 -0.097498
v -0.234425 1.159374 -0.115021
v 0.420994 1.887601 -0.012848
v 0.406021 1.885596 0.010448
v 0.426610 1.886052 -0.001348
v 0.391983 1.890648 -0.029968
v 0.434067 1.886215 -0.007191
v -0.234425 1.159374 -0.115021
v -0.234425 1.102341 -0.115021
v -0.256120 1.122259 -0.097498
v 0.345976 0.565685 -0.099088
v 0.440405 0.487170 -0.007249
v 0.427297 0.489223 -0.016794
v 0.504793 0.706614 -0.007835
v 0.327778 0.582834 -0.118251
v 0.311075 1.555541 -0.119985
v -0.108143 1.317564 -0.116170
v 0.272880 1.793616 -0.119638
v 0.211814 1.284736 -0.119082
v -0.225248 1.093898 -0.115104
v -0.234425 1.159374 -0.115021
v -0.234425 1.102341 -0.115021
v 0.211814 0.756606 -0.119082
v 0.319425 0.590576 -0.120061
v 0.211814 1.284736 -0.119082
v 0.311075 1.555541 -0.119985
v 0.369500 1.298493 -0.006604
v 0.526812 1.487506 -0.008035
v 0.358160 0.820386 -0.006501
v 0.211814 0.756606 -0.119082
v 0.319425 0.590576 -0.120061
v 0.504793 0.706614 -0.007835
v 0.327778 0.582834 -0.118251
v 0.434067 1.886215 -0.007191
v 0.307212 1.817805 -0.087126
v 0.272880 1.793616 -0.119638
v 0.420994 1.887601 -0.012848
v 0.391983 1.890648 -0.029968
v 0.345976 0.565685 -0.099088
v 0.319425 0.590576 -0.120061
v 0.327778 0.582834 -0.118251
v 0.088610 0.799490 0.109865
v 0.326996 0.579508 0.107696
v 0.368666 0.541757 0.066772
v -0.225248 1.093898 -0.115104
v 0.420891 0.494554 0.012199
v 0.427297 0.489223 -0.016794
v 0.440405 0.487170 -0.007249
v -0.063203 0.939816 0.111247
v -0.075371 0.951144 0.111358
v -0.256120 1.122259 -0.097498
v -0.234425 1.102341 -0.115021
v 0.298474 1.647097 0.107955
v -0.256120 1.122259 -0.097498
v -0.075371 0.951144 0.111358
v 0.311454 1.723869 0.086622
v 0.298474 1.647097 0.107955
v 0.213887 1.284736 0.108725
v 0.313149 1.555541 0.107822
v -0.075371 0.951144 0.111358
v -0.063203 0.939816 0.111247
v 0.088610 0.799490 0.109865
v 0.213887 0.756606 0.108725
v 0.326996 0.579508 0.107696
v 0.213887 1.284736 0.108725
v 0.358160 0.820386 -0.006501
v 0.369500 1.298493 -0.006604
v 0.213887 0.756606 0.108725
v 0.313149 1.555541 0.107822
v 0.326996 0.579508 0.107696
v 0.526812 1.487506 -0.008035
v 0.504793 0.706614 -0.007835
v 0.368666 0.541757 0.066772
v 0.420891 0.494554 0.012199
v 0.440405 0.487170 -0.007249
v 0.298474 1.647097 0.107955
v 0.325048 1.747113 0.076834
v 0.311454 1.723869 0.086622
v 0.434067 1.886215 -0.007191
v 0.426610 1.886052 -0.001348
v 0.406021 1.885596 0.010448
v -0.385515 1.098119 0.002212
v -0.376243 1.128812 -0.005592
v -0.284775 1.118902 -0.074018
v -0.386189 1.129888 0.002218
v -0.256724 1.121493 -0.089772
v -0.284775 1.118902 -0.074018
v -0.376243 1.128812 -0.005592
v -0.256724 1.121493 -0.089772
v -0.078522 0.953524 0.113331
v 0.298143 1.657382 0.107958
v 0.308319 1.721946 0.090481
v 0.218079 1.681147 0.110632
v 0.285471 1.727732 0.110019
v -0.255689 1.347963 0.114943
v -0.282547 1.289056 0.078474
v -0.355428 1.179259 0.027043
v -0.376243 1.128812 -0.005592
v -0.386189 1.129888 0.002218
v -0.317814 1.049644 0.053691
v -0.284775 1.118902 -0.074018
v -0.232499 0.991160 0.114732
v -0.385515 1.098119 0.002212
v -0.256724 1.121493 -0.089772
v -0.078522 0.953524 0.113331
v -0.255689 1.347963 0.114943
v -0.282547 1.289056 0.078474
v -0.232499 1.284687 0.114732
v -0.355428 1.179259 0.027043
v -0.317814 1.049644 0.053691
v -0.232499 0.991160 0.114732
v -0.386189 1.129888 0.002218
v -0.385515 1.098119 0.002212
v 0.218079 1.681147 0.110632
v -0.255689 1.347963 0.114943
v -0.232499 1.284687 0.114732
v 0.298143 1.657382 0.107958
v 0.285471 1.727732 0.110019
v 0.308319 1.721946 0.090481
v -0.078522 0.953524 0.113331
v -0.232499 0.991160 0.114732
v 0.426470 0.486436 -0.016787
v 0.420229 0.491734 0.012205
v 0.439400 0.484464 -0.007240
v 0.343617 0.564121 -0.101011
v 0.366851 0.539573 0.068734
v 0.326169 0.576493 0.107703
v 0.085276 0.799409 0.109896
v 0.325254 0.581154 -0.120114
v -0.097973 0.972708 -0.116263
v -0.077051 0.949334 0.111373
v -0.258444 1.120744 -0.095532
v -0.234590 1.098820 -0.115019
v -0.232517 0.987672 0.112788
v -0.273853 1.118445 -0.083782
v -0.287265 1.115283 -0.072110
v -0.316643 1.045650 0.053680
v -0.385367 1.095152 0.000266
v 0.291221 0.448164 -0.119804
v 0.343617 0.564121 -0.101011
v 0.386313 0.476233 -0.047301
v 0.426470 0.486436 -0.016787
v 0.325254 0.581154 -0.120114
v -0.378863 0.820322 0.000207
v -0.234590 1.098820 -0.115019
v -0.234590 0.756540 -0.115019
v -0.348196 0.581154 -0.113985
v -0.385367 1.095152 0.000266
v -0.525497 0.706548 0.001541
v -0.287265 1.115283 -0.072110
v -0.273853 1.118445 -0.083782
v -0.258444 1.120744 -0.095532
v -0.440922 0.418172 0.000771
v -0.313335 0.449631 -0.114303
v -0.356876 0.361432 -0.113906
v -0.478621 0.369387 0.001115
v 0.234042 -0.142883 -0.005371
v -0.254910 -0.142883 -0.000921
v -0.213411 0.003456 -0.115212
v 0.190635 0.003456 -0.118889
v -0.420271 0.232990 -0.113329
v 0.397330 0.232990 -0.120770
v -0.597903 0.215403 0.002200
v -0.478621 0.369387 0.001115
v -0.356876 0.361432 -0.113906
v 0.577022 0.215403 -0.008492
v 0.420054 0.418172 -0.007064
v 0.291221 0.448164 -0.119804
v 0.386313 0.476233 -0.047301
v 0.426470 0.486436 -0.016787
v 0.439400 0.484464 -0.007240
v 0.190635 0.003456 -0.118889
v 0.291221 0.448164 -0.119804
v 0.397330 0.232990 -0.120770
v -0.213411 0.003456 -0.115212
v -0.356876 0.361432 -0.113906
v -0.420271 0.232990 -0.113329
v -0.313335 0.449631 -0.114303
v 0.291221 0.448164 -0.119804
v -0.356876 0.361432 -0.113906
v -0.234590 0.756540 -0.115019
v -0.348196 0.581154 -0.113985
v 0.325254 0.581154 -0.120114
v -0.097973 0.972708 -0.116263
v -0.234590 1.098820 -0.115019
v 0.326169 0.576493 0.107703
v 0.330995 0.496086 0.088330
v 0.366851 0.539573 0.068734
v 0.420229 0.491734 0.012205
v 0.305143 0.497080 0.107895
v -0.440922 0.418172 0.000771
v -0.329284 0.413168 0.113668
v -0.311262 0.449631 0.113504
v -0.478621 0.369387 0.001115
v -0.346122 0.581154 0.113822
v -0.525497 0.706548 0.001541
v -0.378863 0.820322 0.000207
v -0.232517 0.756540 0.112788
v -0.232517 0.987672 0.112788
v -0.316643 1.045650 0.053680
v -0.385367 1.095152 0.000266
v 0.420054 0.418172 -0.007064
v 0.330995 0.496086 0.088330
v 0.292466 0.449631 0.108010
v 0.305143 0.497080 0.107895
v 0.420229 0.491734 0.012205
v 0.439400 0.484464 -0.007240
v 0.399403 0.232990 0.107037
v 0.577022 0.215403 -0.008492
v 0.234042 -0.142883 -0.005371
v 0.192708 0.003456 0.108918
v -0.211338 0.003456 0.112595
v -0.254910 -0.142883 -0.000921
v -0.418198 0.232990 0.114478
v -0.597903 0.215403 0.002200
v -0.478621 0.369387 0.001115
v -0.329284 0.413168 0.113668
v -0.211338 0.003456 0.112595
v -0.329284 0.413168 0.113668
v -0.418198 0.232990 0.114478
v 0.169850 0.479296 0.109126
v 0.192708 0.003456 0.108918
v 0.399403 0.232990 0.107037
v 0.292466 0.449631 0.108010
v 0.305143 0.497080 0.107895
v -0.311262 0.449631 0.113504
v 0.085276 0.799409 0.109896
v 0.326169 0.576493 0.107703
v -0.232517 0.756540 0.112788
v -0.346122 0.581154 0.113822
v -0.077051 0.949334 0.111373
v -0.232517 0.987672 0.112788
v -0.192190 -1.402663 0.089261
v -0.233659 -1.327913 0.134072
v -0.327978 -1.327913 -0.000256
v -0.255585 -1.402663 -0.000915
v -0.193842 -1.402663 -0.092230
v -0.236285 -1.327913 -0.136278
v -0.297623 -1.654691 -0.000533
v -0.012073 -1.904242 -0.192358
v -0.010351 -2.002888 -0.003147
v -0.224940 -1.642043 -0.190420
v -0.221479 -1.642043 0.189945
v -0.297623 -1.654691 -0.000533
v -0.008612 -1.904242 0.188008
v -0.010351 -2.002888 -0.003147
v -0.375859 -1.650698 0.000179
v -0.008577 -2.069294 0.191838
v -0.300513 -1.649426 0.121127
v -0.010351 -2.196807 -0.003147
v -0.341164 -1.543201 -0.000136
v -0.265652 -1.543706 0.120809
v -0.287506 -1.428026 0.121008
v -0.362508 -1.425499 0.000058
v -0.341164 -1.543201 -0.000136
v -0.302727 -1.649426 -0.122178
v -0.375859 -1.650698 0.000179
v -0.012126 -2.069294 -0.198191
v -0.010351 -2.196807 -0.003147
v -0.267867 -1.543706 -0.122495
v -0.289720 -1.428026 -0.122296
v -0.362508 -1.425499 0.000058
v -0.185527 0.041223 -0.186949
v -0.182153 0.041223 0.183812
v -0.088733 0.132502 0.182962
v -0.092107 0.132502 -0.187799
v -0.488969 0.539802 0.001209
v -0.513743 0.704283 0.211934
v -0.641266 0.800517 0.002595
v -0.380282 0.573884 0.210720
v -0.518662 0.434505 0.001479
v -0.420323 0.378287 0.211084
v -0.620501 0.215974 0.212906
v -0.732522 0.238059 0.003425
v -0.546440 0.042217 0.212232
v -0.654617 0.006488 0.002716
v -0.376190 -0.188653 0.000182
v -0.431332 -0.082965 0.211184
v -0.376190 -0.188653 0.000182
v -0.654617 0.006488 0.002716
v -0.550253 0.042217 -0.206789
v -0.435145 -0.082965 -0.207837
v -0.732522 0.238059 0.003425
v -0.624314 0.215974 -0.206115
v -0.518662 0.434505 0.001479
v -0.424136 0.378287 -0.207937
v -0.384096 0.573884 -0.208301
v -0.488969 0.539802 0.001209
v -0.517556 0.704283 -0.207087
v -0.641266 0.800517 0.002595
v -0.220973 -0.153250 0.153227
v -0.305960 -0.028769 -0.000457
v -0.355674 -0.176151 -0.000004
v -0.223785 -0.153250 -0.155721
v -0.506161 0.197701 -0.220744
v -0.422033 0.041223 0.224595
v -0.502101 0.197701 0.225324
v -0.426092 0.041223 -0.221473
v -0.172728 0.199412 -0.173570
v -0.169582 0.199412 0.172089
v -0.169582 0.311571 0.172089
v -0.172728 0.311571 -0.173570
v 0.365366 0.288980 0.217429
v 0.305092 0.214327 -0.191414
v 0.308466 0.214327 0.179347
v 0.251926 0.138500 0.218462
v 0.251574 0.138500 0.179865
v 0.361306 0.288980 -0.228639
v 0.247866 0.138500 -0.227607
v 0.248200 0.138500 -0.190896
v -0.169258 -1.465891 0.189470
v -0.297623 -1.654691 -0.000533
v -0.221479 -1.642043 0.189945
v -0.220380 -1.419403 -0.001236
v -0.297623 -1.654691 -0.000533
v -0.172720 -1.465891 -0.190896
v -0.224940 -1.642043 -0.190420
v -0.220380 -1.419403 -0.001236
v 0.238216 0.269828 -0.005409
v 0.332742 0.326127 -0.214825
v 0.384010 0.175957 -0.006736
v 0.174490 0.634047 -0.004829
v 0.491721 0.200064 -0.216272
v 0.279350 0.599965 -0.214339
v 0.411640 0.036398 -0.215543
v 0.297768 -0.014180 -0.005951
v 0.410481 -0.082965 -0.215532
v 0.355322 -0.188653 -0.006475
v 0.174490 0.634047 -0.004829
v 0.336555 0.326127 0.204196
v 0.283163 0.599965 0.204682
v 0.238216 0.269828 -0.005409
v 0.384010 0.175957 -0.006736
v 0.495534 0.200064 0.202749
v 0.415453 0.036398 0.203478
v 0.297768 -0.014180 -0.005951
v 0.414295 -0.082965 0.203489
v 0.355322 -0.188653 -0.006475
v -0.132148 -0.010936 -0.187434
v -0.128774 -0.010936 0.183327
v -0.182153 0.041223 0.183812
v -0.185527 0.041223 -0.186949
v -0.216731 -1.244229 0.124253
v -0.327978 -1.327913 -0.000256
v -0.233659 -1.327913 0.134072
v -0.303796 -1.244229 -0.000476
v -0.218998 -1.244229 -0.124826
v -0.236285 -1.327913 -0.136278
v -0.381992 0.288980 0.224231
v -0.386052 0.288980 -0.221838
v -0.502101 0.197701 0.225324
v -0.506161 0.197701 -0.220744
v 0.485475 0.197701 0.216336
v 0.481416 0.197701 -0.229732
v 0.365366 0.288980 0.217429
v 0.361306 0.288980 -0.228639
v -0.329335 0.214327 -0.185640
v -0.325961 0.214327 0.185121
v -0.168814 0.315060 0.183691
v -0.172189 0.315060 -0.187070
v 0.305092 0.214327 -0.191414
v 0.151486 0.315060 0.180776
v 0.308466 0.214327 0.179347
v 0.148111 0.315060 -0.189985
v -0.172728 0.311571 -0.173570
v -0.169582 0.311571 0.172089
v -0.008770 0.458498 0.170625
v -0.011916 0.458498 -0.175033
v 0.151876 0.311571 0.169163
v -0.011916 0.458498 -0.175033
v -0.008770 0.458498 0.170625
v 0.148731 0.311571 -0.176495
v -0.425189 0.053757 -0.196377
v -0.421604 0.053757 0.197542
v -0.350038 0.123700 0.196891
v -0.353623 0.123700 -0.197028
v 0.404320 0.053758 0.190025
v 0.400735 0.053758 -0.203893
v 0.332754 0.123700 0.190677
v 0.329169 0.123700 -0.203242
v 0.266637 -1.428026 -0.127360
v 0.341640 -1.425499 -0.006350
v 0.223694 -1.349836 -0.005277
v 0.152846 -1.349836 -0.108939
v -0.287506 -1.428026 0.121008
v -0.362508 -1.425499 0.000058
v -0.244575 -1.349836 -0.001015
v -0.173710 -1.349836 0.104533
v -0.289720 -1.428026 -0.122296
v -0.362508 -1.425499 0.000058
v -0.244575 -1.349836 -0.001015
v -0.175625 -1.349836 -0.105950
v 0.268851 -1.428026 0.115945
v 0.341640 -1.425499 -0.006350
v 0.223694 -1.349836 -0.005277
v 0.154761 -1.349836 0.101543
v -0.008664 0.184661 0.182233
v -0.172189 0.315060 -0.187070
v -0.168814 0.315060 0.183691
v -0.012039 0.184661 -0.188527
v 0.151486 0.315060 0.180776
v 0.148111 0.315060 -0.189985
v -0.008664 0.184661 0.182233
v -0.012039 0.184661 -0.188527
v -0.518662 0.434505 0.001479
v -0.420323 0.378287 0.211084
v -0.620501 0.215974 0.212906
v -0.732522 0.238059 0.003425
v -0.732522 0.238059 0.003425
v -0.624314 0.215974 -0.206115
v -0.518662 0.434505 0.001479
v -0.424136 0.378287 -0.207937
v 0.497959 0.434505 -0.007773
v 0.403285 0.378287 0.203589
v 0.603463 0.215974 0.201767
v 0.711653 0.238060 -0.009718
v 0.711653 0.238060 -0.009718
v 0.599650 0.215974 -0.217254
v 0.497959 0.434505 -0.007773
v 0.399472 0.378287 -0.215432
v -0.350038 0.123700 0.196891
v -0.008559 -0.034359 0.193783
v -0.353623 0.123700 -0.197028
v -0.012144 -0.034359 -0.200136
v 0.332754 0.123700 0.190677
v 0.329169 0.123700 -0.203242
v -0.008559 -0.034359 0.193783
v -0.012144 -0.034359 -0.200136
v -0.195358 0.634047 -0.001463
v -0.304027 0.599965 -0.209030
v -0.517556 0.704283 -0.207087
v -0.641266 0.800517 0.002595
v -0.195358 0.634047 -0.001463
v -0.300214 0.599965 0.209991
v -0.513743 0.704283 0.211934
v -0.641266 0.800517 0.002595
v 0.174490 0.634047 -0.004829
v 0.279350 0.599965 -0.214339
v 0.492892 0.704283 -0.216282
v 0.620397 0.800517 -0.008887
v 0.174490 0.634047 -0.004829
v 0.283163 0.599965 0.204682
v 0.496705 0.704283 0.202739
v 0.620397 0.800517 -0.008887
v -0.218998 -1.244229 -0.124826
v -0.275427 -1.224360 -0.000735
v -0.198885 -1.224360 -0.113458
v -0.303796 -1.244229 -0.000476
v -0.216731 -1.244229 0.124253
v -0.196829 -1.224360 0.112463
v 0.175965 -1.224360 -0.116870
v 0.195880 -1.244229 -0.128601
v 0.254558 -1.224360 -0.005558
v 0.178021 -1.224360 0.109052
v 0.282915 -1.244229 -0.005816
v 0.198147 -1.244229 0.120478
v 0.199512 -1.419403 -0.005057
v 0.148408 -1.465891 -0.193818
v -0.010351 -1.349102 -0.003147
v -0.012407 -1.401718 -0.229068
v 0.151869 -1.465891 0.186548
v -0.010351 -1.349102 -0.003147
v -0.008295 -1.401718 0.222774
v 0.199512 -1.419403 -0.005057
v -0.008295 -1.401718 0.222774
v -0.010351 -1.349102 -0.003147
v -0.169258 -1.465891 0.189470
v -0.220380 -1.419403 -0.001236
v -0.010351 -1.349102 -0.003147
v -0.172720 -1.465891 -0.190896
v -0.220380 -1.419403 -0.001236
v -0.012407 -1.401718 -0.229068
v -0.173710 -1.349836 0.104533
v -0.175625 -1.349836 -0.105950
v -0.244575 -1.349836 -0.001015
v -0.011880 -1.349836 -0.171144
v -0.008823 -1.349836 0.164850
v 0.154761 -1.349836 0.101543
v 0.152846 -1.349836 -0.108939
v 0.223694 -1.349836 -0.005277
v 0.171488 -1.402663 -0.095555
v -0.193842 -1.402663 -0.092230
v 0.212957 -1.327913 -0.140366
v -0.236285 -1.327913 -0.136278
v -0.012091 -1.327913 -0.194302
v -0.011582 -1.402663 -0.138323
v 0.200628 -1.642043 -0.194293
v -0.012073 -1.904242 -0.192358
v -0.012407 -1.826003 -0.229068
v -0.012407 -1.642043 -0.229068
v -0.224940 -1.642043 -0.190420
v -0.012407 -1.826003 -0.229068
v -0.012073 -1.904242 -0.192358
v -0.012407 -1.642043 -0.229068
v -0.305960 -0.028769 -0.000457
v 0.285092 -0.028769 -0.005836
v -0.223785 -0.153250 -0.155721
v 0.200104 -0.153250 -0.159578
v -0.205498 -0.031018 -0.070909
v 0.183364 -0.031018 -0.074448
v -0.011863 -0.098760 -0.169200
v -0.012232 -0.199639 -0.209741
v -0.272612 0.138500 -0.222870
v -0.506161 0.197701 -0.220744
v -0.386052 0.288980 -0.221838
v -0.426092 0.041223 -0.221473
v 0.247866 0.138500 -0.227607
v 0.481416 0.197701 -0.229732
v 0.401347 0.041223 -0.229003
v 0.361306 0.288980 -0.228639
v -0.424136 0.378287 -0.207937
v -0.516385 0.200064 -0.207097
v -0.624314 0.215974 -0.206115
v -0.550253 0.042217 -0.206789
v -0.436316 0.036398 -0.207826
v -0.435145 -0.082965 -0.207837
v -0.357406 0.326127 -0.208544
v -0.384096 0.573884 -0.208301
v -0.304027 0.599965 -0.209030
v -0.517556 0.704283 -0.207087
v 0.332742 0.326127 -0.214825
v 0.359431 0.573884 -0.215068
v 0.399472 0.378287 -0.215432
v 0.279350 0.599965 -0.214339
v 0.492892 0.704283 -0.216282
v 0.491721 0.200064 -0.216272
v 0.599650 0.215974 -0.217254
v 0.525589 0.042217 -0.216580
v 0.411640 0.036398 -0.215543
v 0.410481 -0.082965 -0.215532
v -0.425189 0.053757 -0.196377
v -0.012144 -0.034359 -0.200136
v -0.012144 -0.151718 -0.200136
v -0.353623 0.123700 -0.197028
v 0.400735 0.053758 -0.203893
v 0.329169 0.123700 -0.203242
v -0.172720 -1.465891 -0.190896
v -0.012407 -1.642043 -0.229068
v -0.224940 -1.642043 -0.190420
v -0.012407 -1.401718 -0.229068
v -0.012407 -1.642043 -0.229068
v 0.148408 -1.465891 -0.193818
v 0.200628 -1.642043 -0.194293
v -0.012407 -1.401718 -0.229068
v -0.172189 0.315060 -0.187070
v -0.172189 0.197701 -0.187070
v -0.329335 0.214327 -0.185640
v -0.272277 0.138500 -0.186159
v -0.012039 0.184661 -0.188527
v -0.092107 0.132502 -0.187799
v -0.132148 -0.010936 -0.187434
v -0.185527 0.041223 -0.186949
v -0.012039 0.093383 -0.188527
v 0.068030 0.132502 -0.189256
v 0.108071 -0.010936 -0.189621
v 0.161450 0.041223 -0.190106
v 0.148111 0.197701 -0.189985
v 0.148111 0.315060 -0.189985
v 0.305092 0.214327 -0.191414
v 0.248200 0.138500 -0.190896
v -0.011916 0.341140 -0.175033
v -0.172728 0.199412 -0.173570
v -0.172728 0.311571 -0.173570
v -0.011916 0.458498 -0.175033
v 0.148731 0.311571 -0.176495
v 0.148731 0.199412 -0.176495
v -0.011880 -1.349836 -0.171144
v -0.012126 -2.069294 -0.198191
v -0.302727 -1.649426 -0.122178
v 0.279644 -1.649426 -0.127478
v -0.267867 -1.543706 -0.122495
v 0.244784 -1.543706 -0.127161
v -0.175625 -1.349836 -0.105950
v -0.289720 -1.428026 -0.122296
v 0.152846 -1.349836 -0.108939
v 0.266637 -1.428026 -0.127360
v 0.334805 -0.176151 -0.006288
v 0.267235 -0.300503 -0.005673
v 0.184758 -0.255727 -0.122725
v 0.200104 -0.153250 -0.159578
v -0.355674 -0.176151 -0.000004
v -0.012232 -0.199639 -0.209741
v -0.288103 -0.300503 -0.000619
v -0.011863 -0.300503 -0.169200
v -0.207770 -0.255727 -0.119153
v -0.223785 -0.153250 -0.155721
v -0.218998 -1.244229 -0.124826
v -0.198885 -1.224360 -0.113458
v -0.011951 -1.244229 -0.178864
v -0.011792 -1.224360 -0.161481
v 0.175965 -1.224360 -0.116870
v 0.195880 -1.244229 -0.128601
v -0.218998 -1.244229 -0.124826
v -0.236285 -1.327913 -0.136278
v -0.012091 -1.327913 -0.194302
v -0.011951 -1.244229 -0.178864
v 0.195880 -1.244229 -0.128601
v 0.212957 -1.327913 -0.140366
v 0.173139 -1.402663 0.085936
v 0.215417 -1.327913 0.129985
v 0.307110 -1.327913 -0.006036
v 0.234704 -1.402663 -0.005377
v 0.171488 -1.402663 -0.095555
v 0.212957 -1.327913 -0.140366
v -0.008612 -1.904242 0.188008
v 0.276743 -1.654691 -0.005760
v 0.204090 -1.642043 0.186072
v -0.010351 -2.002888 -0.003147
v 0.276743 -1.654691 -0.005760
v -0.010351 -2.002888 -0.003147
v -0.012073 -1.904242 -0.192358
v 0.200628 -1.642043 -0.194293
v -0.012126 -2.069294 -0.198191
v 0.354991 -1.650698 -0.006472
v -0.010351 -2.196807 -0.003147
v 0.279644 -1.649426 -0.127478
v 0.320283 -1.543201 -0.006156
v 0.244784 -1.543706 -0.127161
v 0.266637 -1.428026 -0.127360
v 0.341640 -1.425499 -0.006350
v 0.268851 -1.428026 0.115945
v 0.246998 -1.543706 0.116144
v 0.320283 -1.543201 -0.006156
v 0.281859 -1.649426 0.115827
v 0.341640 -1.425499 -0.006350
v 0.354991 -1.650698 -0.006472
v -0.008577 -2.069294 0.191838
v -0.010351 -2.196807 -0.003147
v 0.164824 0.041223 0.180655
v 0.161450 0.041223 -0.190106
v 0.071404 0.132502 0.181505
v 0.068030 0.132502 -0.189256
v 0.468087 0.539802 -0.007501
v 0.496705 0.704283 0.202739
v 0.363245 0.573884 0.203953
v 0.620397 0.800517 -0.008887
v 0.497959 0.434505 -0.007773
v 0.403285 0.378287 0.203589
v 0.603463 0.215974 0.201767
v 0.711653 0.238060 -0.009718
v 0.529402 0.042217 0.202441
v 0.633748 0.006488 -0.009009
v 0.355322 -0.188653 -0.006475
v 0.414295 -0.082965 0.203489
v 0.633748 0.006488 -0.009009
v 0.355322 -0.188653 -0.006475
v 0.525589 0.042217 -0.216580
v 0.410481 -0.082965 -0.215532
v 0.711653 0.238060 -0.009718
v 0.599650 0.215974 -0.217254
v 0.497959 0.434505 -0.007773
v 0.399472 0.378287 -0.215432
v 0.359431 0.573884 -0.215068
v 0.468087 0.539802 -0.007501
v 0.492892 0.704283 -0.216282
v 0.620397 0.800517 -0.008887
v 0.202916 -0.153250 0.149369
v 0.285092 -0.028769 -0.005836
v 0.334805 -0.176151 -0.006288
v 0.200104 -0.153250 -0.159578
v 0.405406 0.041223 0.217065
v 0.481416 0.197701 -0.229732
v 0.485475 0.197701 0.216336
v 0.401347 0.041223 -0.229003
v 0.148731 0.199412 -0.176495
v 0.151876 0.311571 0.169163
v 0.151876 0.199412 0.169163
v 0.148731 0.311571 -0.176495
v -0.325961 0.214327 0.185121
v -0.268552 0.138500 0.223198
v -0.268903 0.138500 0.184602
v -0.381992 0.288980 0.224231
v -0.386052 0.288980 -0.221838
v -0.329335 0.214327 -0.185640
v -0.272612 0.138500 -0.222870
v -0.272277 0.138500 -0.186159
v 0.199512 -1.419403 -0.005057
v 0.276743 -1.654691 -0.005760
v 0.148408 -1.465891 -0.193818
v 0.200628 -1.642043 -0.194293
v 0.276743 -1.654691 -0.005760
v 0.151869 -1.465891 0.186548
v 0.204090 -1.642043 0.186072
v 0.199512 -1.419403 -0.005057
v -0.357406 0.326127 -0.208544
v -0.259085 0.269827 -0.000883
v -0.404891 0.175957 0.000444
v -0.195358 0.634047 -0.001463
v -0.516385 0.200064 -0.207097
v -0.304027 0.599965 -0.209030
v -0.436316 0.036398 -0.207826
v -0.318637 -0.014180 -0.000341
v -0.435145 -0.082965 -0.207837
v -0.376190 -0.188653 0.000182
v -0.353593 0.326127 0.210477
v -0.195358 0.634047 -0.001463
v -0.300214 0.599965 0.209991
v -0.259085 0.269827 -0.000883
v -0.404891 0.175957 0.000444
v -0.512572 0.200064 0.211924
v -0.432503 0.036398 0.211195
v -0.318637 -0.014180 -0.000341
v -0.431332 -0.082965 0.211184
v -0.376190 -0.188653 0.000182
v 0.111445 -0.010936 0.181140
v 0.108071 -0.010936 -0.189621
v 0.164824 0.041223 0.180655
v 0.161450 0.041223 -0.190106
v 0.198147 -1.244229 0.120478
v 0.215417 -1.327913 0.129985
v 0.307110 -1.327913 -0.006036
v 0.282915 -1.244229 -0.005816
v 0.195880 -1.244229 -0.128601
v 0.212957 -1.327913 -0.140366
v -0.488969 0.539802 0.001209
v -0.513743 0.704283 0.211934
v -0.380282 0.573884 0.210720
v -0.546440 0.042217 0.212232
v -0.654617 0.006488 0.002716
v -0.376190 -0.188653 0.000182
v -0.376190 -0.188653 0.000182
v -0.654617 0.006488 0.002716
v -0.550253 0.042217 -0.206789
v 0.468087 0.539802 -0.007501
v 0.496705 0.704283 0.202739
v 0.363245 0.573884 0.203953
v 0.529402 0.042217 0.202441
v 0.633748 0.006488 -0.009009
v 0.355322 -0.188653 -0.006475
v 0.633748 0.006488 -0.009009
v 0.355322 -0.188653 -0.006475
v 0.525589 0.042217 -0.216580
v 0.359431 0.573884 -0.215068
v 0.468087 0.539802 -0.007501
v 0.492892 0.704283 -0.216282
v 0.185830 -0.255727 -0.004932
v 0.184758 -0.255727 -0.122725
v 0.267235 -0.300503 -0.005673
v 0.186919 -0.255727 0.114746
v -0.010351 -0.300503 -0.003147
v -0.011863 -0.300503 -0.169200
v -0.008823 -0.300503 0.164850
v -0.207770 -0.255727 -0.119153
v -0.205609 -0.255727 0.118318
v -0.206698 -0.255727 -0.001360
v -0.288103 -0.300503 -0.000619
v -0.357406 0.326127 -0.208544
v -0.259085 0.269827 -0.000883
v -0.404891 0.175957 0.000444
v -0.516385 0.200064 -0.207097
v -0.353593 0.326127 0.210477
v -0.259085 0.269827 -0.000883
v -0.404891 0.175957 0.000444
v -0.512572 0.200064 0.211924
v 0.238216 0.269828 -0.005409
v 0.332742 0.326127 -0.214825
v 0.384010 0.175957 -0.006736
v 0.491721 0.200064 -0.216272
v 0.336555 0.326127 0.204196
v 0.238216 0.269828 -0.005409
v 0.384010 0.175957 -0.006736
v 0.495534 0.200064 0.202749
v -0.421604 0.053757 0.197542
v -0.425189 0.053757 -0.196377
v -0.008559 -0.151718 0.193783
v -0.012144 -0.151718 -0.200136
v 0.404320 0.053758 0.190025
v -0.008559 -0.151718 0.193783
v 0.400735 0.053758 -0.203893
v -0.012144 -0.151718 -0.200136
v -0.092107 0.132502 -0.187799
v -0.088733 0.132502 0.182962
v -0.168814 0.197701 0.183691
v -0.172189 0.197701 -0.187070
v 0.071404 0.132502 0.181505
v 0.068030 0.132502 -0.189256
v 0.151486 0.197701 0.180776
v 0.148111 0.197701 -0.189985
v -0.012039 0.093383 -0.188527
v -0.008664 0.093383 0.182233
v -0.128774 -0.010936 0.183327
v -0.132148 -0.010936 -0.187434
v -0.008664 0.093383 0.182233
v -0.012039 0.093383 -0.188527
v 0.111445 -0.010936 0.181140
v 0.108071 -0.010936 -0.189621
v -0.422033 0.041223 0.224595
v -0.268903 0.138500 0.184602
v -0.268552 0.138500 0.223198
v -0.426092 0.041223 -0.221473
v -0.272277 0.138500 -0.186159
v -0.272612 0.138500 -0.222870
v -0.172189 0.197701 -0.187070
v -0.168814 0.197701 0.183691
v 0.405406 0.041223 0.217065
v 0.248200 0.138500 -0.190896
v 0.401347 0.041223 -0.229003
v 0.247866 0.138500 -0.227607
v 0.251574 0.138500 0.179865
v 0.251926 0.138500 0.218462
v 0.148111 0.197701 -0.189985
v 0.151486 0.197701 0.180776
v -0.169582 0.199412 0.172089
v -0.172728 0.199412 -0.173570
v -0.008770 0.341140 0.170625
v -0.011916 0.341140 -0.175033
v 0.151876 0.199412 0.169163
v 0.148731 0.199412 -0.176495
v -0.009104 -1.402663 0.133914
v 0.173139 -1.402663 0.085936
v -0.008612 -1.327913 0.188008
v -0.192190 -1.402663 0.089261
v 0.215417 -1.327913 0.129985
v -0.233659 -1.327913 0.134072
v -0.221479 -1.642043 0.189945
v -0.008295 -1.826003 0.222774
v -0.008295 -1.642043 0.222774
v -0.008612 -1.904242 0.188008
v 0.204090 -1.642043 0.186072
v -0.008295 -1.826003 0.222774
v -0.008612 -1.904242 0.188008
v -0.008295 -1.642043 0.222774
v -0.008823 -0.098760 0.164850
v -0.220973 -0.153250 0.153227
v -0.008454 -0.199639 0.205391
v 0.202916 -0.153250 0.149369
v -0.204216 -0.031018 0.070041
v 0.184647 -0.031018 0.066502
v -0.305960 -0.028769 -0.000457
v 0.285092 -0.028769 -0.005836
v -0.422033 0.041223 0.224595
v -0.268552 0.138500 0.223198
v -0.502101 0.197701 0.225324
v -0.381992 0.288980 0.224231
v 0.405406 0.041223 0.217065
v 0.485475 0.197701 0.216336
v 0.251926 0.138500 0.218462
v 0.365366 0.288980 0.217429
v -0.420323 0.378287 0.211084
v -0.620501 0.215974 0.212906
v -0.512572 0.200064 0.211924
v -0.546440 0.042217 0.212232
v -0.432503 0.036398 0.211195
v -0.431332 -0.082965 0.211184
v -0.353593 0.326127 0.210477
v -0.380282 0.573884 0.210720
v -0.300214 0.599965 0.209991
v -0.513743 0.704283 0.211934
v 0.529402 0.042217 0.202441
v 0.415453 0.036398 0.203478
v 0.414295 -0.082965 0.203489
v 0.495534 0.200064 0.202749
v 0.603463 0.215974 0.201767
v 0.403285 0.378287 0.203589
v 0.336555 0.326127 0.204196
v 0.363245 0.573884 0.203953
v 0.283163 0.599965 0.204682
v 0.496705 0.704283 0.202739
v -0.421604 0.053757 0.197542
v -0.008559 -0.151718 0.193783
v -0.008559 -0.034359 0.193783
v -0.350038 0.123700 0.196891
v 0.404320 0.053758 0.190025
v 0.332754 0.123700 0.190677
v 0.151869 -1.465891 0.186548
v -0.008295 -1.401718 0.222774
v -0.008295 -1.642043 0.222774
v 0.204090 -1.642043 0.186072
v -0.169258 -1.465891 0.189470
v -0.008295 -1.642043 0.222774
v -0.008295 -1.401718 0.222774
v -0.221479 -1.642043 0.189945
v -0.325961 0.214327 0.185121
v -0.168814 0.197701 0.183691
v -0.168814 0.315060 0.183691
v -0.268903 0.138500 0.184602
v -0.008664 0.184661 0.182233
v -0.088733 0.132502 0.182962
v -0.128774 -0.010936 0.183327
v -0.182153 0.041223 0.183812
v -0.008664 0.093383 0.182233
v 0.071404 0.132502 0.181505
v 0.111445 -0.010936 0.181140
v 0.164824 0.041223 0.180655
v 0.151486 0.197701 0.180776
v 0.151486 0.315060 0.180776
v 0.308466 0.214327 0.179347
v 0.251574 0.138500 0.179865
v 0.151876 0.311571 0.169163
v -0.008770 0.458498 0.170625
v -0.008770 0.341140 0.170625
v 0.151876 0.199412 0.169163
v -0.169582 0.311571 0.172089
v -0.169582 0.199412 0.172089
v -0.008823 -1.349836 0.164850
v -0.008577 -2.069294 0.191838
v 0.281859 -1.649426 0.115827
v -0.300513 -1.649426 0.121127
v 0.246998 -1.543706 0.116144
v -0.265652 -1.543706 0.120809
v 0.154761 -1.349836 0.101543
v 0.268851 -1.428026 0.115945
v -0.173710 -1.349836 0.104533
v -0.287506 -1.428026 0.121008
v -0.008454 -0.199639 0.205391
v 0.186919 -0.255727 0.114746
v 0.202916 -0.153250 0.149369
v 0.334805 -0.176151 -0.006288
v -0.008823 -0.300503 0.164850
v 0.267235 -0.300503 -0.005673
v -0.205609 -0.255727 0.118318
v -0.220973 -0.153250 0.153227
v -0.355674 -0.176151 -0.000004
v -0.288103 -0.300503 -0.000619
v -0.216731 -1.244229 0.124253
v -0.196829 -1.224360 0.112463
v -0.008735 -1.244229 0.174455
v -0.008893 -1.224360 0.157131
v 0.178021 -1.224360 0.109052
v 0.198147 -1.244229 0.120478
v -0.216731 -1.244229 0.124253
v -0.233659 -1.327913 0.134072
v -0.008612 -1.327913 0.188008
v -0.008735 -1.244229 0.174455
v 0.198147 -1.244229 0.120478
v 0.215417 -1.327913 0.129985
v -0.173204 -0.400910 0.067814
v -0.196829 -0.565587 0.112463
v -0.275427 -0.565587 -0.000735
v -0.229888 -0.400910 -0.001149
v -0.174451 -0.400910 -0.069247
v -0.198885 -0.565587 -0.113458
v -0.173204 -1.059651 0.067814
v -0.196829 -0.894957 0.112463
v -0.275427 -0.894957 -0.000735
v -0.229888 -1.059651 -0.001149
v -0.174451 -1.059651 -0.069247
v -0.198885 -0.894957 -0.113458
v -0.173204 -0.730280 0.067814
v -0.196829 -0.565587 0.112463
v -0.275427 -0.565587 -0.000735
v -0.229888 -0.730280 -0.001149
v -0.174451 -0.730280 -0.069247
v -0.198885 -0.565587 -0.113458
v -0.173204 -0.730280 0.067814
v -0.196829 -0.894957 0.112463
v -0.275427 -0.894957 -0.000735
v -0.229888 -0.730280 -0.001149
v -0.174451 -0.730280 -0.069247
v -0.198885 -0.894957 -0.113458
v -0.174451 -1.059651 -0.069247
v -0.198885 -1.224327 -0.113458
v -0.275427 -1.224327 -0.000735
v -0.229888 -1.059651 -0.001149
v -0.173204 -1.059651 0.067814
v -0.196829 -1.224327 0.112463
v -0.173204 -0.400910 0.067814
v -0.196829 -0.236216 0.112463
v -0.275427 -0.236216 -0.000735
v -0.229888 -0.400910 -0.001149
v -0.174451 -0.400910 -0.069247
v -0.198885 -0.236216 -0.113458
v 0.152353 -0.400910 -0.072221
v 0.175965 -0.565587 -0.116870
v -0.011792 -0.565587 -0.161481
v -0.011318 -0.400910 -0.109331
v -0.174451 -0.400910 -0.069247
v -0.198885 -0.565587 -0.113458
v 0.152353 -1.059651 -0.072221
v 0.175965 -0.894957 -0.116870
v -0.011792 -0.894957 -0.161481
v -0.011318 -1.059651 -0.109331
v -0.174451 -1.059651 -0.069247
v -0.198885 -0.894957 -0.113458
v 0.152353 -0.730280 -0.072221
v 0.175965 -0.565587 -0.116870
v -0.011792 -0.565587 -0.161481
v -0.011318 -0.730280 -0.109331
v -0.174451 -0.730280 -0.069247
v -0.198885 -0.565587 -0.113458
v 0.152353 -0.730280 -0.072221
v 0.175965 -0.894957 -0.116870
v -0.011792 -0.894957 -0.161481
v -0.011318 -0.730280 -0.109331
v -0.174451 -0.730280 -0.069247
v -0.198885 -0.894957 -0.113458
v -0.011792 -1.224327 -0.161481
v 0.152353 -1.059651 -0.072221
v 0.175965 -1.224327 -0.116870
v -0.011318 -1.059651 -0.109331
v -0.174451 -1.059651 -0.069247
v -0.198885 -1.224327 -0.113458
v 0.152353 -0.400910 -0.072221
v 0.175965 -0.236216 -0.116870
v -0.011792 -0.236216 -0.161481
v -0.011318 -0.400910 -0.109331
v -0.174451 -0.400910 -0.069247
v -0.198885 -0.236216 -0.113458
v 0.153600 -0.400910 0.064840
v 0.178021 -0.565587 0.109052
v 0.254558 -0.565587 -0.005558
v 0.209019 -0.400910 -0.005143
v 0.152353 -0.400910 -0.072221
v 0.175965 -0.565587 -0.116870
v 0.178021 -0.894957 0.109052
v 0.153600 -1.059651 0.064840
v 0.254558 -0.894957 -0.005558
v 0.209020 -1.059651 -0.005143
v 0.152353 -1.059651 -0.072221
v 0.175965 -0.894957 -0.116870
v 0.178021 -0.565587 0.109052
v 0.153600 -0.730280 0.064840
v 0.254558 -0.565587 -0.005558
v 0.209019 -0.730280 -0.005143
v 0.152353 -0.730280 -0.072221
v 0.175965 -0.565587 -0.116870
v 0.153600 -0.730280 0.064840
v 0.178021 -0.894957 0.109052
v 0.254558 -0.894957 -0.005558
v 0.209019 -0.730280 -0.005143
v 0.152353 -0.730280 -0.072221
v 0.175965 -0.894957 -0.116870
v 0.152353 -1.059651 -0.072221
v 0.175965 -1.224327 -0.116870
v 0.254558 -1.224327 -0.005558
v 0.209020 -1.059651 -0.005143
v 0.153600 -1.059651 0.064840
v 0.178021 -1.224327 0.109052
v 0.178021 -0.236216 0.109052
v 0.153600 -0.400910 0.064840
v 0.254558 -0.236216 -0.005558
v 0.209019 -0.400910 -0.005143
v 0.152353 -0.400910 -0.072221
v 0.175965 -0.236216 -0.116870
v 0.153600 -0.400910 0.064840
v -0.008893 -0.565587 0.157131
v 0.178021 -0.565587 0.109052
v -0.009367 -0.400910 0.104982
v -0.173204 -0.400910 0.067814
v -0.196829 -0.565587 0.112463
v 0.178021 -0.894957 0.109052
v -0.008893 -0.894957 0.157131
v 0.153600 -1.059651 0.064840
v -0.009367 -1.059651 0.104982
v -0.173204 -1.059651 0.067814
v -0.196829 -0.894957 0.112463
v 0.178021 -0.565587 0.109052
v -0.008893 -0.565587 0.157131
v 0.153600 -0.730280 0.064840
v -0.009367 -0.730280 0.104982
v -0.173204 -0.730280 0.067814
v -0.196829 -0.565587 0.112463
v 0.153600 -0.730280 0.064840
v -0.008893 -0.894957 0.157131
v 0.178021 -0.894957 0.109052
v -0.009367 -0.730280 0.104982
v -0.173204 -0.730280 0.067814
v -0.196829 -0.894957 0.112463
v 0.153600 -1.059651 0.064840
v 0.178021 -1.224327 0.109052
v -0.008893 -1.224327 0.157131
v -0.009367 -1.059651 0.104982
v -0.173204 -1.059651 0.067814
v -0.196829 -1.224327 0.112463
v 0.178021 -0.236216 0.109052
v -0.008893 -0.236216 0.157131
v 0.153600 -0.400910 0.064840
v -0.009367 -0.400910 0.104982
v -0.173204 -0.400910 0.067814
v -0.196829 -0.236216 0.112463
v -0.105636 -1.545254 0.233325
v -0.109907 -1.545254 -0.235901
v -0.141999 -1.669915 0.233656
v -0.146269 -1.669915 -0.235570
v -0.146269 -1.669915 -0.235570
v -0.075103 -1.738570 0.233047
v -0.141999 -1.669915 0.233656
v -0.079373 -1.738570 -0.236179
v -0.008207 -1.836711 0.232438
v -0.012478 -1.836711 -0.236788
v 0.089043 -1.545254 0.231553
v 0.084773 -1.545254 -0.237673
v -0.008207 -1.513078 0.232438
v -0.012478 -1.513078 -0.236788
v -0.008207 -1.513078 0.232438
v -0.012478 -1.513078 -0.236788
v -0.105636 -1.545254 0.233325
v -0.109907 -1.545254 -0.235901
v -0.013075 -1.680038 -0.302431
v 0.084773 -1.545254 -0.237673
v 0.121148 -1.669915 -0.238004
v -0.012478 -1.513078 -0.236788
v -0.012478 -1.513078 -0.236788
v -0.013075 -1.680038 -0.302431
v -0.061484 -1.612654 -0.269166
v -0.146269 -1.669915 -0.235570
v -0.109907 -1.545254 -0.235901
v 0.054253 -1.738570 -0.237395
v -0.012478 -1.836711 -0.236788
v -0.013075 -1.680038 -0.302431
v 0.121148 -1.669915 -0.238004
v -0.012478 -1.836711 -0.236788
v -0.079373 -1.738570 -0.236179
v -0.013075 -1.680038 -0.302431
v -0.146269 -1.669915 -0.235570
v 0.125418 -1.669915 0.231222
v 0.121148 -1.669915 -0.238004
v 0.089043 -1.545254 0.231553
v 0.084773 -1.545254 -0.237673
v -0.012478 -1.836711 -0.236788
v 0.058523 -1.738570 0.231831
v -0.008207 -1.836711 0.232438
v 0.054253 -1.738570 -0.237395
v 0.125418 -1.669915 0.231222
v 0.121148 -1.669915 -0.238004
v 0.125418 -1.669915 0.231222
v 0.089043 -1.545254 0.231553
v -0.007610 -1.680038 0.298082
v -0.008207 -1.513078 0.232438
v -0.007610 -1.680038 0.298082
v -0.105636 -1.545254 0.233325
v -0.141999 -1.669915 0.233656
v -0.008207 -1.513078 0.232438
v 0.058523 -1.738570 0.231831
v -0.007610 -1.680038 0.298082
v -0.008207 -1.836711 0.232438
v 0.125418 -1.669915 0.231222
v -0.007610 -1.680038 0.298082
v -0.075103 -1.738570 0.233047
v -0.008207 -1.836711 0.232438
v -0.141999 -1.669915 0.233656
vn -0.6199 0.1060 -0.7775
vn -0.6191 0.1588 -0.7691
vn -0.6200 0.1060 -0.7774
vn -0.6165 0.2109 -0.7585
vn -0.6156 0.2633 -0.7427
vn 0.5972 0.2120 -0.7736
vn 0.6020 0.2633 -0.7538
vn 0.5896 0.1682 -0.7900
vn 0.5761 0.1070 -0.8103
vn 0.5761 0.1070 -0.8104
vn 0.5761 0.1069 -0.8104
vn -0.0091 -0.0000 -1.0000
vn -0.0091 0.0001 -1.0000
vn -0.2934 -0.9558 -0.0173
vn -0.0471 -0.9932 -0.1061
vn -0.2083 -0.9767 -0.0513
vn -0.3626 -0.9319 0.0100
vn -0.6027 0.2109 0.7696
vn -0.6020 0.2633 0.7538
vn -0.6051 0.1588 0.7802
vn -0.6057 0.1060 0.7886
vn 0.5908 0.1070 0.7997
vn 0.6039 0.1682 0.7791
vn 0.6111 0.2120 0.7626
vn 0.6156 0.2633 0.7427
vn 0.0091 -0.0000 1.0000
vn 0.3625 0.9318 -0.0166
vn 0.9287 0.2119 -0.3043
vn 0.8885 0.3664 -0.2762
vn 0.3626 0.9319 -0.0100
vn -0.5998 -0.0178 -0.8000
vn -0.5336 -0.1705 -0.8284
vn -0.5998 -0.0179 -0.8000
vn -0.5997 -0.0178 -0.8000
vn -0.5997 -0.0179 -0.8000
vn -0.5563 -0.1159 -0.8228
vn -0.5275 -0.0541 -0.8478
vn -0.5197 -0.0904 -0.8495
vn -0.5406 0.1163 -0.8332
vn -0.5407 0.1163 -0.8332
vn 0.2079 0.0370 -0.9775
vn 0.2183 0.0372 -0.9752
vn 0.5819 0.1064 -0.8063
vn 0.5818 0.1064 -0.8063
vn 0.7337 -0.6792 -0.0202
vn 0.7368 -0.5863 -0.3367
vn 0.7369 -0.5863 -0.3366
vn 0.5550 -0.6711 0.4915
vn 0.5815 0.1068 0.8065
vn 0.5816 0.1069 0.8065
vn 0.5816 0.1068 0.8065
vn -0.5008 -0.0898 0.8609
vn -0.5192 -0.1618 0.8392
vn -0.5120 -0.0541 0.8573
vn -0.5254 0.1163 0.8429
vn -0.5254 0.1163 0.8428
vn -0.4650 -0.2687 0.8436
vn -0.5112 -0.1800 0.8404
vn -0.5908 -0.0089 0.8068
vn -0.5908 -0.0089 0.8067
vn 0.0091 0.0002 1.0000
vn 0.0091 -0.0001 1.0000
vn 0.4341 -0.6098 0.6631
vn 0.7337 -0.6791 -0.0202
vn 0.4340 -0.6098 0.6631
vn 0.5550 -0.6711 0.4916
vn -0.7368 0.5863 0.3366
vn -0.7368 0.5863 0.3367
vn -0.7369 0.5863 0.3366
vn -0.7369 0.5863 0.3367
vn 0.0472 0.9925 0.1126
vn -0.6235 -0.0000 -0.7818
vn 0.6112 -0.1846 -0.7696
vn 0.6112 -0.1846 -0.7697
vn 0.6112 -0.1845 -0.7697
vn -0.0091 -0.0001 -1.0000
vn -0.0091 -0.0004 -1.0000
vn 0.5508 -0.1161 -0.8265
vn 0.4956 -0.0542 -0.8669
vn 0.5255 -0.1610 -0.8354
vn 0.4943 -0.0902 -0.8646
vn 0.5014 0.1797 -0.8463
vn 0.4940 0.1892 -0.8486
vn 0.3872 0.3503 -0.8528
vn 0.5028 0.1172 -0.8564
vn 0.5028 0.1171 -0.8564
vn -0.6787 -0.7343 -0.0141
vn -0.6787 -0.7343 -0.0139
vn -0.6786 -0.7343 -0.0140
vn -0.6786 -0.7344 -0.0139
vn -0.6786 -0.7344 -0.0140
vn -0.6061 -0.7953 0.0122
vn -0.5175 -0.8545 0.0448
vn -0.2472 -0.9611 0.1229
vn -0.6787 -0.7343 -0.0140
vn -0.5763 0.3160 0.7537
vn -0.5763 0.3160 0.7536
vn 0.0091 0.0003 1.0000
vn 0.5657 -0.1161 0.8164
vn 0.5167 0.1797 0.8371
vn 0.5407 -0.1610 0.8257
vn 0.5094 0.1892 0.8395
vn 0.5014 -0.0541 0.8635
vn 0.5247 0.1166 0.8432
vn 0.5033 -0.0906 0.8593
vn 0.5020 0.1626 0.8495
vn 0.6261 -0.1760 0.7596
vn 0.5085 0.1169 0.8531
vn 0.5086 0.1169 0.8531
vn -0.4342 0.6015 -0.6706
vn -0.4343 0.6015 -0.6706
vn -0.4343 0.6014 -0.6706
vn 0.5689 -0.3079 -0.7626
vn 0.3077 -0.5829 -0.7520
vn -0.1262 -0.2219 -0.9669
vn -0.0978 0.3658 -0.9255
vn -0.4253 0.6006 -0.6770
vn -0.4184 0.6027 -0.6794
vn -0.2068 -0.8360 -0.5082
vn -0.2069 -0.8360 -0.5082
vn -0.5791 -0.2118 0.7873
vn -0.5837 -0.0712 0.8088
vn -0.5829 -0.0888 0.8077
vn -0.5852 -0.0000 0.8109
vn -0.5851 -0.0000 0.8109
vn 0.0091 0.0001 1.0000
vn 0.1096 0.0187 0.9938
vn 0.3756 0.0550 0.9251
vn 0.6550 0.1061 0.7482
vn 0.5176 0.8545 -0.0448
vn 0.6060 0.7953 -0.0122
vn 0.2472 0.9611 -0.1230
vn 0.6786 0.7343 0.0140
vn 0.6786 0.7344 0.0141
vn 0.5952 0.7919 0.1364
vn 0.4303 0.8424 0.3243
vn 0.6787 0.7344 0.0073
vn 0.2145 0.8346 0.5073
vn 0.2146 0.8346 0.5073
vn 0.6220 -0.1675 -0.7649
vn -0.5168 0.1797 -0.8371
vn -0.6145 -0.0000 -0.7889
vn -0.5085 0.1978 -0.8380
vn -0.5599 0.0269 -0.8281
vn -0.5085 0.1619 -0.8457
vn -0.6673 0.1581 -0.7278
vn -0.6627 0.0530 -0.7470
vn -0.6456 0.3790 -0.6630
vn 0.2090 -0.5491 -0.8092
vn -0.2237 -0.5491 -0.8053
vn -0.2655 -0.5373 -0.8006
vn 0.2508 -0.5372 -0.8053
vn -0.5749 -0.0447 -0.8170
vn 0.5755 -0.0356 -0.8170
vn -0.5747 -0.0536 -0.8166
vn -0.5713 0.3677 -0.7338
vn -0.5712 0.3677 -0.7338
vn 0.5692 -0.0536 -0.8205
vn 0.6237 0.1503 -0.7670
vn 0.6139 0.2206 -0.7579
vn -0.0091 -0.0002 -1.0000
vn 0.6271 -0.1675 0.7607
vn 0.6271 -0.1675 0.7608
vn 0.6270 -0.1675 0.7608
vn -0.6594 0.1835 0.7290
vn -0.6368 0.4185 0.6476
vn -0.6532 0.0702 0.7539
vn -0.6368 0.4186 0.6475
vn -0.5447 0.0269 0.8382
vn -0.4931 0.1619 0.8548
vn -0.5079 0.1788 0.8427
vn -0.5006 0.1883 0.8450
vn -0.6055 -0.0088 0.7958
vn 0.6376 0.1503 0.7556
vn 0.6338 -0.1846 0.7511
vn 0.6457 0.0442 0.7623
vn 0.6338 -0.1846 0.7512
vn 0.5903 -0.0356 0.8064
vn 0.5840 -0.0536 0.8100
vn 0.2236 -0.5490 0.8053
vn 0.2654 -0.5372 0.8006
vn -0.2508 -0.5373 0.8053
vn -0.2090 -0.5490 0.8093
vn -0.5599 -0.0447 0.8273
vn -0.5594 -0.0625 0.8265
vn -0.5743 0.3585 0.7360
vn 0.0091 -0.0002 1.0000
vn -0.4590 -0.6285 0.6279
vn -0.2322 -0.5946 0.7698
vn -0.7185 -0.6955 0.0065
vn -0.7184 -0.6956 0.0065
vn -0.4704 -0.6285 -0.6194
vn -0.2462 -0.5946 -0.7654
vn -0.7352 -0.6029 -0.3097
vn -0.7295 -0.6029 0.3230
vn -0.8624 -0.1339 0.4883
vn -0.7719 -0.4991 0.3938
vn -0.8597 -0.1752 0.4797
vn -0.8488 0.0588 0.5254
vn -0.7688 0.4082 0.4922
vn -0.7344 0.4902 0.4695
vn -0.8582 0.0588 -0.5099
vn -0.8683 -0.1752 -0.4640
vn -0.8711 -0.1339 -0.4725
vn -0.7789 -0.4991 -0.3797
vn -0.7776 0.4082 -0.4781
vn -0.7428 0.4901 -0.4561
vn -0.6989 0.7152 0.0064
vn -0.6988 0.7153 0.0064
vn -0.8811 -0.1995 0.4289
vn -0.7560 -0.5561 0.3452
vn -0.7489 0.4888 0.4475
vn -0.8774 -0.2317 0.4201
vn -0.8811 -0.1994 0.4289
vn -0.7255 0.5226 0.4478
vn -0.7248 -0.5652 0.3939
vn -0.8107 0.2920 0.5075
vn -0.8046 0.3179 0.5016
vn -0.7162 -0.5810 0.3865
vn -0.7248 -0.5653 0.3938
vn -0.5974 -0.7356 0.3193
vn -0.6031 -0.7356 -0.3084
vn -0.7319 -0.5653 -0.3806
vn -0.8136 0.3179 -0.4869
vn -0.7319 -0.5652 -0.3806
vn -0.7231 -0.5811 -0.3734
vn -0.8198 0.2921 -0.4926
vn -0.8849 -0.2317 -0.4041
vn -0.7335 0.5226 -0.4346
vn -0.7569 0.4888 -0.4338
vn -0.8887 -0.1994 -0.4128
vn -0.7622 -0.5561 -0.3313
vn -0.2102 0.4908 0.8455
vn -0.8716 0.4902 0.0079
vn -0.2256 0.4907 -0.8416
vn -0.8902 -0.4555 0.0081
vn -0.8902 -0.4556 0.0081
vn -1.0000 -0.0000 0.0091
vn -0.7990 0.6013 0.0073
vn -0.7990 0.6013 0.0072
vn -0.9009 0.2865 0.3261
vn -0.9067 0.2865 -0.3096
vn -0.9067 0.2865 -0.3097
vn -0.6336 0.6777 -0.3733
vn -0.7303 -0.5286 -0.4326
vn -0.7056 -0.5613 -0.4325
vn -0.6599 0.6474 -0.3813
vn -0.8119 -0.3340 -0.4789
vn -0.8022 -0.3667 -0.4711
vn -0.9008 0.1406 -0.4108
vn -0.9046 0.1080 -0.4125
vn -0.8903 -0.1748 -0.4205
vn -0.6267 0.6777 0.3848
vn -0.7223 -0.5286 0.4459
vn -0.6529 0.6474 0.3933
vn -0.6976 -0.5613 0.4453
vn -0.8030 -0.3340 0.4936
vn -0.8932 0.1406 0.4271
vn -0.7936 -0.3667 0.4855
vn -0.8969 0.1080 0.4288
vn -0.8825 -0.1748 0.4367
vn -0.8825 -0.1748 0.4366
vn -0.6989 -0.7152 0.0064
vn -0.4254 0.1992 0.8828
vn -0.9595 0.2817 0.0087
vn -0.3481 0.1824 0.9195
vn -0.4414 0.1992 -0.8749
vn -0.3648 0.1824 -0.9130
vn -0.6061 0.7954 0.0055
vn 0.6061 0.7954 -0.0055
vn -0.5421 0.8403 0.0049
vn 0.5422 0.8403 -0.0049
vn 0.5421 0.8403 -0.0049
vn -0.6747 0.7381 0.0061
vn -0.6745 0.7383 0.0061
vn -0.6744 0.7383 0.0061
vn 0.6748 0.7379 -0.0061
vn 0.6749 0.7379 -0.0061
vn 0.6748 0.7380 -0.0061
vn 0.6749 0.7378 -0.0061
vn -0.6990 0.7151 0.0064
vn -0.6988 0.7152 0.0064
vn 0.6988 0.7153 -0.0064
vn 0.6990 0.7151 -0.0064
vn 0.6988 0.7152 -0.0064
vn 0.7344 0.4902 -0.4695
vn 0.7688 0.4082 -0.4922
vn 0.5017 0.7990 -0.3316
vn -0.5017 0.7990 0.3316
vn -0.7343 0.4902 0.4695
vn -0.5076 0.7990 -0.3224
vn -0.7776 0.4082 -0.4782
vn -0.7428 0.4902 -0.4561
vn 0.5076 0.7990 0.3224
vn 0.7776 0.4082 0.4782
vn 0.7428 0.4901 0.4561
vn 0.6283 0.7780 -0.0057
vn -0.6283 0.7780 0.0057
vn -0.7254 0.5227 0.4478
vn -0.7488 0.4889 0.4475
vn -0.8107 0.2921 0.5075
vn -0.7568 0.4889 -0.4338
vn -0.7335 0.5227 -0.4345
vn 0.7335 0.5227 0.4345
vn 0.8198 0.2921 0.4927
vn 0.7568 0.4889 0.4338
vn 0.8136 0.3179 0.4869
vn 0.8107 0.2921 -0.5075
vn 0.7488 0.4889 -0.4475
vn 0.8046 0.3179 -0.5016
vn 0.7254 0.5227 -0.4478
vn 0.4169 0.9089 -0.0038
vn 0.4170 0.9089 -0.0038
vn -0.4170 0.9089 0.0038
vn 0.3637 0.8928 -0.2658
vn 0.6267 0.6777 -0.3848
vn 0.6529 0.6473 -0.3933
vn 0.3636 0.8928 -0.2657
vn 0.6336 0.6777 0.3733
vn 0.3684 0.8928 0.2591
vn 0.6599 0.6473 0.3814
vn -0.3684 0.8928 -0.2591
vn -0.3637 0.8928 0.2657
vn -0.6529 0.6473 0.3933
vn -0.3636 0.8928 0.2657
vn -0.2338 0.6635 -0.7107
vn -0.5745 0.8185 0.0052
vn -0.4059 0.7369 -0.5406
vn -0.2208 0.6635 0.7149
vn -0.3960 0.7369 0.5479
vn 0.5745 0.8185 -0.0053
vn 0.2208 0.6635 -0.7149
vn 0.3960 0.7369 -0.5479
vn 0.2338 0.6635 0.7107
vn 0.4059 0.7369 0.5406
vn 0.3482 0.9009 -0.2589
vn 0.3482 0.9010 -0.2589
vn 0.3529 0.9008 0.2529
vn 0.3529 0.9009 0.2526
vn 0.3529 0.9009 0.2525
vn 0.3529 0.9010 0.2526
vn -0.3482 0.9009 0.2589
vn -0.3482 0.9010 0.2589
vn -0.3529 0.9010 -0.2526
vn -0.3529 0.9009 -0.2526
vn -0.3528 0.9010 -0.2526
vn -0.0000 1.0000 -0.0000
vn 0.4590 -0.6285 -0.6280
vn -0.0073 -0.5922 -0.8057
vn 0.2322 -0.5946 -0.7698
vn -0.4703 -0.6285 -0.6195
vn -0.0073 -0.5922 -0.8058
vn 0.2607 -0.1287 -0.9568
vn 0.2608 -0.1287 -0.9568
vn -0.2781 -0.1287 -0.9519
vn -0.2781 -0.1286 -0.9519
vn -0.2256 0.4908 -0.8416
vn -0.8715 0.4902 0.0080
vn -0.5449 0.4198 -0.7259
vn 0.2103 0.4908 -0.8455
vn 0.5316 0.4198 -0.7357
vn 0.8716 0.4902 -0.0079
vn -0.0079 0.5030 -0.8643
vn -0.0091 0.0002 -1.0000
vn -0.0091 0.0003 -1.0000
vn -0.1997 0.0279 -0.9795
vn 0.1819 0.0279 -0.9829
vn -0.0091 0.0004 -1.0000
vn -0.0091 0.0652 -0.9978
vn -0.2081 0.0649 -0.9760
vn 0.1903 0.0649 -0.9796
vn 0.1903 0.0648 -0.9796
vn -0.2080 0.0649 -0.9760
vn 0.4853 -0.3626 -0.7957
vn 0.8902 -0.4556 -0.0080
vn 0.8902 -0.4556 -0.0081
vn 0.3685 -0.3583 -0.8578
vn -0.0084 -0.3751 -0.9270
vn -0.0084 -0.3752 -0.9269
vn -0.8902 -0.4556 0.0082
vn -0.4997 -0.3626 -0.7867
vn -0.3841 -0.3583 -0.8509
vn -0.4058 0.7369 -0.5406
vn -0.0069 0.6482 -0.7615
vn -0.0069 0.6481 -0.7615
vn 0.3959 0.7369 -0.5479
vn -0.0090 0.1759 -0.9844
vn -0.0090 0.1758 -0.9844
vn 0.4254 0.1992 -0.8828
vn 0.3481 0.1824 -0.9195
vn 0.4704 -0.6285 0.6195
vn 0.7186 -0.6954 -0.0065
vn 0.2462 -0.5946 0.7654
vn 0.7182 -0.6958 -0.0065
vn 0.4591 -0.6285 -0.6279
vn 0.7352 -0.6029 0.3097
vn 0.7295 -0.6029 -0.3230
vn 0.7295 -0.6029 -0.3231
vn 0.7295 -0.6030 -0.3230
vn 0.7719 -0.4991 -0.3938
vn 0.8624 -0.1339 -0.4883
vn 0.8598 -0.1752 -0.4797
vn 0.8488 0.0588 -0.5254
vn 0.7777 0.4082 0.4781
vn 0.8582 0.0588 0.5099
vn 0.8583 0.0588 0.5098
vn 0.8683 -0.1752 0.4640
vn 0.7428 0.4902 0.4561
vn 0.8711 -0.1339 0.4725
vn 0.7789 -0.4991 0.3797
vn 0.6989 0.7152 -0.0064
vn 0.7622 -0.5561 0.3314
vn 0.8887 -0.1995 0.4128
vn 0.8849 -0.2316 0.4040
vn 0.7569 0.4888 0.4338
vn 0.8887 -0.1994 0.4128
vn 0.7335 0.5226 0.4346
vn 0.7319 -0.5652 0.3806
vn 0.8198 0.2921 0.4926
vn 0.7231 -0.5811 0.3734
vn 0.6031 -0.7356 0.3084
vn 0.7248 -0.5653 -0.3938
vn 0.5974 -0.7356 -0.3193
vn 0.7248 -0.5652 -0.3939
vn 0.7162 -0.5810 -0.3865
vn 0.8774 -0.2316 -0.4201
vn 0.7489 0.4888 -0.4475
vn 0.7255 0.5226 -0.4478
vn 0.8811 -0.1994 -0.4289
vn 0.7560 -0.5561 -0.3452
vn 0.8811 -0.1995 -0.4289
vn 0.2256 0.4907 0.8416
vn 0.8902 -0.4555 -0.0081
vn 1.0000 -0.0000 -0.0091
vn 0.7990 0.6013 -0.0073
vn 0.7991 0.6012 -0.0071
vn 0.7991 0.6012 -0.0073
vn 0.7989 0.6014 -0.0072
vn 0.7989 0.6014 -0.0073
vn 0.9009 0.2865 -0.3261
vn 0.9067 0.2865 0.3096
vn 0.6267 0.6777 -0.3847
vn 0.6976 -0.5613 -0.4454
vn 0.7223 -0.5286 -0.4459
vn 0.6529 0.6474 -0.3933
vn 0.8030 -0.3340 -0.4935
vn 0.8932 0.1406 -0.4271
vn 0.7936 -0.3667 -0.4856
vn 0.8969 0.1079 -0.4288
vn 0.8825 -0.1748 -0.4367
vn 0.8825 -0.1748 -0.4366
vn 0.7303 -0.5286 0.4327
vn 0.6335 0.6777 0.3734
vn 0.6600 0.6474 0.3813
vn 0.7056 -0.5613 0.4325
vn 0.9008 0.1406 0.4108
vn 0.8119 -0.3340 0.4789
vn 0.8023 -0.3668 0.4710
vn 0.9046 0.1080 0.4125
vn 0.8903 -0.1748 0.4205
vn 0.6989 -0.7152 -0.0064
vn 0.3648 0.1824 0.9130
vn 0.9595 0.2817 -0.0087
vn 0.4414 0.1992 0.8749
vn 0.3481 0.1825 -0.9195
vn -0.7560 -0.5562 0.3452
vn -0.5974 -0.7356 0.3194
vn -0.7248 -0.5653 0.3939
vn -0.7162 -0.5811 0.3865
vn -0.7318 -0.5653 -0.3806
vn 0.7621 -0.5562 0.3314
vn 0.8849 -0.2317 0.4040
vn 0.7318 -0.5653 0.3806
vn 0.7162 -0.5811 -0.3865
vn 0.7560 -0.5562 -0.3452
vn 0.8810 -0.1994 -0.4289
vn 0.8774 -0.2317 -0.4201
vn -0.0461 -0.9989 0.0004
vn 0.1932 -0.9812 -0.0018
vn -0.4790 -0.8778 0.0044
vn 0.0001 -1.0000 -0.0000
vn -0.1932 -0.9812 0.0018
vn -0.1932 -0.9811 0.0018
vn 0.0461 -0.9989 -0.0004
vn 0.4790 -0.8778 -0.0044
vn 0.7223 -0.5287 -0.4458
vn 0.6976 -0.5613 -0.4453
vn 0.8030 -0.3339 -0.4936
vn 0.7303 -0.5287 0.4326
vn 0.8119 -0.3339 0.4788
vn 0.7056 -0.5613 0.4326
vn 0.8023 -0.3667 0.4711
vn -0.7055 -0.5613 -0.4326
vn -0.7303 -0.5287 -0.4326
vn -0.8119 -0.3339 -0.4789
vn -0.7223 -0.5287 0.4459
vn -0.7936 -0.3667 0.4856
vn -0.4483 -0.8939 0.0041
vn 0.4482 -0.8939 -0.0041
vn 0.4483 -0.8939 -0.0041
vn -0.6283 -0.7780 0.0057
vn 0.6283 -0.7780 -0.0057
vn 0.6537 -0.7567 -0.0059
vn -0.6537 -0.7567 0.0059
vn 0.5275 -0.8495 -0.0048
vn 0.5274 -0.8496 -0.0048
vn 0.5275 -0.8496 -0.0048
vn -0.5275 -0.8495 0.0048
vn -0.5275 -0.8496 0.0048
vn -0.5274 -0.8496 0.0048
vn 0.6620 -0.7495 -0.0060
vn -0.0002 -1.0000 -0.0000
vn -0.0003 -1.0000 -0.0000
vn -0.6620 -0.7495 0.0060
vn -0.6621 -0.7494 0.0060
vn 0.0073 -0.5922 0.8058
vn 0.4703 -0.6285 0.6195
vn -0.4590 -0.6285 0.6280
vn -0.2607 -0.1287 0.9568
vn -0.2608 -0.1287 0.9568
vn 0.2781 -0.1287 0.9519
vn 0.0079 0.5029 0.8643
vn -0.2103 0.4908 0.8455
vn 0.2256 0.4908 0.8416
vn -0.5316 0.4198 0.7357
vn 0.5449 0.4198 0.7259
vn 0.8716 0.4902 -0.0080
vn 0.0091 -0.0003 1.0000
vn 0.1997 0.0279 0.9795
vn -0.1819 0.0279 0.9829
vn 0.0091 0.0652 0.9978
vn 0.2081 0.0648 0.9760
vn -0.1903 0.0649 0.9796
vn 0.2081 0.0649 0.9760
vn 0.2080 0.0649 0.9760
vn -0.1902 0.0649 0.9796
vn 0.0084 -0.3751 0.9269
vn 0.4997 -0.3625 0.7867
vn 0.3841 -0.3583 0.8509
vn 0.8901 -0.4556 -0.0081
vn -0.4852 -0.3626 0.7957
vn -0.3686 -0.3583 0.8578
vn 0.0069 0.6482 0.7615
vn -0.3959 0.7369 0.5480
vn 0.0069 0.6481 0.7615
vn 0.4058 0.7369 0.5406
vn 0.0090 0.1758 0.9844
vn 0.0090 0.1759 0.9844
vn -0.5365 0.2826 0.7952
vn -0.9543 0.2987 0.0087
vn -0.5509 0.2826 -0.7853
vn -0.5365 -0.2826 0.7952
vn -0.5364 -0.2827 0.7952
vn -0.9543 -0.2987 0.0087
vn -0.5509 -0.2826 -0.7853
vn -0.5365 -0.2827 0.7952
vn -0.5508 -0.2826 -0.7853
vn -0.0087 0.2945 -0.9556
vn 0.5364 0.2826 -0.7952
vn -0.0087 0.2946 -0.9556
vn -0.5508 0.2826 -0.7853
vn -0.5508 0.2827 -0.7853
vn 0.5364 -0.2826 -0.7952
vn -0.0087 -0.3029 -0.9530
vn -0.5508 -0.2827 -0.7853
vn -0.0087 -0.3030 -0.9530
vn 0.5508 0.2826 0.7853
vn 0.9543 0.2987 -0.0087
vn 0.5365 0.2826 -0.7952
vn 0.5509 -0.2826 0.7853
vn 0.9543 -0.2987 -0.0087
vn 0.5365 -0.2826 -0.7952
vn 0.5509 0.2826 0.7853
vn 0.0087 0.2945 0.9556
vn 0.5508 0.2827 0.7853
vn 0.0087 0.2946 0.9556
vn -0.5364 0.2827 0.7952
vn -0.5364 0.2826 0.7952
vn 0.5508 -0.2826 0.7853
vn 0.0087 -0.3029 0.9530
vn -0.5364 -0.2826 0.7952
vn 0.5508 -0.2827 0.7853
vn -0.7745 -0.6325 0.0070
vn -0.7745 -0.6326 0.0070
vn -0.8285 -0.5600 0.0075
vn 0.3166 0.9486 -0.0029
vn -0.3166 0.9486 0.0029
vn -0.3166 0.9485 0.0029
vn 0.2950 0.2283 -0.9278
vn 0.2429 0.2664 -0.9328
vn 0.4173 0.1270 -0.8998
vn 0.1078 0.3569 -0.9279
vn -0.1247 0.3569 -0.9258
vn -0.3118 0.2283 -0.9223
vn -0.2860 0.2474 -0.9257
vn -0.4336 0.1270 -0.8921
vn -0.2598 0.2664 -0.9282
vn 0.4511 -0.3719 -0.8113
vn 0.4868 -0.3372 -0.8058
vn 0.4171 -0.4079 -0.8122
vn -0.5014 -0.3372 -0.7968
vn -0.4658 -0.3718 -0.8030
vn -0.4658 -0.3719 -0.8030
vn -0.4318 -0.4079 -0.8045
vn 0.9594 0.2818 -0.0087
vn 0.9594 0.2817 -0.0087
vn 0.8285 -0.5600 -0.0075
vn 0.7744 -0.6326 -0.0070
vn 0.8285 -0.5599 -0.0075
vn 0.7744 -0.6327 -0.0070
vn 0.7185 -0.6955 -0.0065
vn 0.4336 0.1270 0.8921
vn 0.2598 0.2664 0.9282
vn 0.3118 0.2283 0.9223
vn 0.1247 0.3569 0.9258
vn -0.2950 0.2283 0.9278
vn -0.2428 0.2664 0.9328
vn -0.4173 0.1270 0.8998
vn -0.1078 0.3569 0.9279
vn 0.4658 -0.3719 0.8030
vn 0.5014 -0.3372 0.7968
vn 0.4318 -0.4079 0.8045
vn -0.4511 -0.3719 0.8113
vn -0.4868 -0.3371 0.8058
vn -0.4171 -0.4079 0.8122
vt 32.026100 -55.025002
vt 32.017300 -55.011700
vt 32.019798 -55.027500
vt 32.030602 -55.023201
vt 32.025700 -55.001900
vt 32.002701 -54.973000
vt 32.002701 -54.953201
vt 31.979601 -55.001900
vt 31.988001 -55.011700
vt 31.969400 -55.046799
vt 31.975100 -55.045399
vt 31.972500 -55.046398
vt 31.979000 -55.043900
vt 31.983200 -55.042198
vt 31.972500 -54.998501
vt 31.969400 -55.000000
vt 31.971500 -55.000999
vt 31.974199 -55.002201
vt 31.975100 -54.997299
vt 31.979000 -55.004398
vt 31.979000 -54.995602
vt 31.983200 -54.992599
vt 31.983299 -55.007401
vt 32.019798 -54.992599
vt 32.019798 -55.007401
vt 32.026100 -55.002399
vt 32.026100 -54.997601
vt 32.030602 -55.000000
vt 31.974300 -55.001900
vt 31.997299 -54.973000
vt 31.997299 -54.953201
vt 31.982700 -55.011700
vt 31.969400 -55.023201
vt 31.973900 -55.024899
vt 31.980200 -55.027401
vt 32.030602 -55.046799
vt 32.025799 -55.045700
vt 32.028500 -55.046799
vt 32.012001 -55.011700
vt 32.021000 -55.043800
vt 32.016701 -55.042000
vt 32.020401 -55.001900
vt 58.028301 -39.004398
vt 58.035599 -39.001099
vt 58.034500 -38.998402
vt 58.028301 -38.995602
vt 58.026402 -39.005699
vt 58.024101 -38.992599
vt 57.987400 -38.992599
vt 57.984402 -38.994999
vt 58.023998 -39.007401
vt 57.987400 -39.007401
vt 57.981201 -39.002399
vt 57.981201 -38.997601
vt 57.976700 -39.000000
vt 58.023602 -39.040100
vt 58.023899 -39.027599
vt 58.015800 -39.040901
vt 58.012100 -39.037800
vt 58.014599 -39.041100
vt 58.013901 -39.041100
vt 58.012100 -39.028599
vt 58.019600 -39.007900
vt 58.035599 -39.013100
vt 58.023300 -38.958900
vt 58.018799 -38.960701
vt 58.015598 -38.962002
vt 58.012600 -38.963299
vt 57.974098 -38.989300
vt 57.975899 -38.977901
vt 57.971600 -38.987400
vt 57.971699 -38.979599
vt 57.965500 -38.982101
vt 57.993999 -38.994801
vt 58.005199 -38.987400
vt 57.998901 -38.982498
vt 58.001598 -38.982101
vt 58.007401 -38.989300
vt 58.007401 -39.037800
vt 58.006001 -39.041100
vt 58.026402 -38.978699
vt 58.026600 -38.994400
vt 58.028301 -38.979500
vt 58.023998 -38.977699
vt 58.028599 -38.994801
vt 58.035599 -38.982498
vt 57.964401 -39.013100
vt 57.976101 -39.027599
vt 57.980400 -39.007900
vt 57.976700 -38.958900
vt 57.981201 -38.960701
vt 57.987400 -38.963100
vt 57.986099 -39.023499
vt 57.984001 -39.028301
vt 57.978699 -39.036499
vt 57.976398 -39.040100
vt 58.021400 -38.998100
vt 57.986099 -39.041100
vt 57.984200 -39.040901
vt 57.985401 -39.041100
vt 15.992600 -40.953602
vt 16.005301 -40.957199
vt 15.994700 -40.951801
vt 16.001101 -40.946602
vt 15.998500 -40.946201
vt 15.992600 -40.990101
vt 16.006001 -40.959000
vt 15.993700 -41.005100
vt 15.992600 -41.002300
vt 16.021400 -40.999500
vt 16.020201 -41.001099
vt 16.021799 -41.000301
vt 16.019199 -40.998501
vt 16.022400 -41.000000
vt 16.027700 -41.002300
vt 16.027700 -41.006599
vt 16.029301 -41.005100
vt 15.984200 -41.047798
vt 15.977200 -41.053799
vt 15.978200 -41.053699
vt 15.972300 -41.036999
vt 15.985500 -41.046501
vt 15.986800 -40.971901
vt 16.018200 -40.990101
vt 15.989600 -40.953602
vt 15.994200 -40.992699
vt 16.027000 -41.007301
vt 15.994200 -41.033199
vt 15.986200 -41.045898
vt 15.982500 -40.991600
vt 15.970700 -40.977100
vt 15.983300 -41.028301
vt 15.977600 -40.946499
vt 15.987100 -40.951801
vt 15.978600 -40.946400
vt 15.980800 -40.946201
vt 15.984200 -40.993900
vt 15.986200 -40.992599
vt 15.985500 -40.992699
vt 16.003599 -41.007401
vt 15.985700 -41.007401
vt 15.982600 -41.004700
vt 16.027000 -40.992599
vt 15.978600 -41.001202
vt 15.978200 -40.999298
vt 15.977200 -41.000000
vt 16.014999 -41.007401
vt 16.015900 -41.007401
vt 16.029301 -40.993698
vt 16.027700 -40.992599
vt 16.012100 -40.964901
vt 15.970700 -41.005100
vt 15.984100 -41.018200
vt 16.013100 -40.959000
vt 16.005800 -40.992699
vt 16.013201 -40.971901
vt 15.985000 -41.019100
vt 15.996400 -41.029900
vt 16.005800 -41.033199
vt 16.014299 -41.046700
vt 16.016701 -41.028301
vt 16.017500 -40.991600
vt 16.029301 -40.977100
vt 16.027700 -41.036999
vt 16.017401 -41.049599
vt 16.021400 -41.053200
vt 16.022800 -41.053799
vt 16.014099 -40.957199
vt 16.022400 -40.946499
vt 16.021799 -40.946499
vt 16.020201 -40.946602
vt 38.025902 -59.018600
vt 38.025200 -59.016201
vt 38.018299 -59.016998
vt 38.026001 -59.016201
vt 38.016201 -59.016800
vt 37.974800 -58.975700
vt 38.002998 -59.029701
vt 37.973999 -58.970798
vt 37.980801 -58.973900
vt 37.975700 -58.970299
vt 38.016300 -58.999401
vt 38.018299 -59.004002
vt 38.023701 -59.012402
vt 38.020901 -59.002602
vt 38.018299 -58.994400
vt 38.014500 -59.006599
vt 38.025902 -58.999199
vt 38.016201 -58.993401
vt 38.002998 -59.006599
vt 37.983700 -58.999401
vt 37.981701 -59.004002
vt 37.985500 -59.004299
vt 37.976299 -59.012402
vt 37.979099 -59.022301
vt 37.985500 -59.026798
vt 37.973999 -59.016201
vt 37.974098 -59.018600
vt 38.019199 -58.973900
vt 38.025200 -58.975700
vt 38.024300 -58.970299
vt 38.026001 -58.970798
vt 37.997002 -59.029701
vt 0.032743 -60.999298
vt 0.032258 -61.001202
vt 0.033710 -61.000000
vt 0.026595 -60.993801
vt 0.028216 -61.004799
vt 0.025140 -61.007401
vt 0.007090 -61.007401
vt 0.025233 -60.992599
vt -0.006485 -60.992599
vt -0.005063 -61.007401
vt -0.018525 -60.993801
vt -0.016715 -60.992599
vt -0.016715 -61.007401
vt -0.019681 -60.994598
vt -0.020688 -60.995300
vt -0.022980 -61.003399
vt -0.028096 -61.000000
vt -0.022685 -61.003101
vt -0.026595 -60.994202
vt -0.029751 -61.000999
vt -0.032743 -61.000198
vt -0.025233 -60.992901
vt 0.027607 -60.974602
vt 0.016715 -60.953201
vt 0.016715 -60.979500
vt 0.025233 -60.992901
vt 0.028096 -60.953499
vt 0.038599 -60.983299
vt 0.020688 -60.952000
vt 0.019681 -60.951698
vt 0.018525 -60.951500
vt 0.032251 -61.005402
vt 0.022624 -61.002998
vt 0.025883 -61.009800
vt 0.035081 -61.009201
vt -0.018317 -61.048500
vt 0.018317 -61.048500
vt 0.015137 -61.037201
vt -0.015137 -61.037201
vt 0.030629 -61.019600
vt -0.030629 -61.019600
vt 0.044014 -61.021000
vt -0.044014 -61.021000
vt -0.032251 -61.005402
vt -0.033710 -61.000301
vt 0.006485 -60.962898
vt 0.025140 -60.993301
vt 0.025513 -60.999500
vt 0.028216 -60.996101
vt 0.032258 -60.999802
vt 0.023565 -60.999401
vt -0.023972 -61.005798
vt -0.022624 -61.002998
vt -0.035081 -61.009201
vt -0.038599 -60.983299
vt -0.027607 -60.974602
vt -0.016715 -60.979500
vt -0.016715 -60.961800
vt -0.022980 -60.957298
vt -0.028096 -60.953499
vt 0.022624 -61.002998
vt 0.033710 -61.000301
vt 0.018317 -61.048500
vt -0.018317 -61.048500
vt 0.013434 -61.000702
vt 0.007090 -60.976200
vt -0.005063 -60.964699
vt 50.005901 -15.054000
vt 50.008801 -15.048300
vt 50.000000 -15.048300
vt 50.000000 -15.054000
vt 49.994099 -15.054000
vt 49.991199 -15.048300
vt 50.000000 -15.073400
vt 49.987701 -15.092500
vt 50.000000 -15.100100
vt 49.987701 -15.072400
vt 50.012299 -15.072400
vt 50.012299 -15.092500
vt 50.000000 -15.073000
vt 50.012600 -15.105200
vt 50.007900 -15.073000
vt 50.000000 -15.114900
vt 50.000000 -15.064800
vt 50.007900 -15.064800
vt 50.007900 -15.056000
vt 50.000000 -15.055800
vt 49.992100 -15.073000
vt 49.987400 -15.105200
vt 49.992100 -15.064800
vt 49.992100 -15.056000
vt 49.987999 -14.943300
vt 50.012001 -14.943300
vt 50.012001 -14.936300
vt 49.987999 -14.936300
vt 50.000000 -14.905100
vt 50.013599 -14.892500
vt 50.000000 -14.885100
vt 50.000000 -14.913100
vt 50.013599 -14.902500
vt 50.013599 -14.917500
vt 50.013599 -14.943200
vt 50.013599 -14.929900
vt 50.000000 -14.928200
vt 50.000000 -14.946000
vt 50.000000 -14.960900
vt 50.013599 -14.952800
vt 49.986401 -14.943200
vt 49.986401 -14.952800
vt 49.986401 -14.929900
vt 49.986401 -14.902500
vt 49.986401 -14.917500
vt 49.986401 -14.892500
vt 50.009998 -14.958200
vt 50.000000 -14.948700
vt 50.000000 -14.960000
vt 49.990002 -14.958200
vt 49.985600 -14.931300
vt 50.014400 -14.943300
vt 50.014400 -14.931300
vt 49.985600 -14.943300
vt 49.988800 -14.931200
vt 50.011200 -14.931200
vt 50.011200 -14.922600
vt 49.988800 -14.922600
vt 50.014400 -14.924300
vt 49.987999 -14.930000
vt 50.012001 -14.930000
vt 50.014400 -14.935800
vt 50.012001 -14.935800
vt 49.985600 -14.924300
vt 49.985600 -14.935800
vt 49.987999 -14.935800
vt 50.012299 -15.058900
vt 50.000000 -15.055300
vt 49.987701 -15.058900
vt 50.000000 -14.897800
vt 49.986401 -14.921500
vt 50.000000 -14.925800
vt 49.986401 -14.900500
vt 50.000000 -14.933000
vt 49.986401 -14.931100
vt 49.986401 -14.943700
vt 50.000000 -14.947500
vt 50.013599 -14.921500
vt 50.013599 -14.900500
vt 50.013599 -14.943700
vt 50.013599 -14.931100
vt 49.987999 -14.947300
vt 50.012001 -14.947300
vt 50.008099 -15.041900
vt 50.000000 -15.041900
vt 49.991901 -15.041900
vt 49.972000 -15.014400
vt 49.972000 -14.985600
vt 49.963001 -15.014400
vt 49.963001 -14.985600
vt 50.036999 -15.014400
vt 50.036999 -14.985600
vt 50.028000 -15.014400
vt 50.028000 -14.985600
vt 49.976200 -14.988000
vt 49.976200 -15.012000
vt 49.987999 -15.012000
vt 49.987999 -14.988000
vt 50.023800 -14.988000
vt 50.012001 -15.012000
vt 50.023800 -15.012000
vt 50.012001 -14.988000
vt 49.987999 -14.988800
vt 49.987999 -15.011200
vt 50.000000 -15.011200
vt 50.000000 -14.988800
vt 50.012001 -15.011200
vt 50.012001 -14.988800
vt 49.969101 -14.987200
vt 49.969101 -15.012800
vt 49.974400 -15.012800
vt 49.974400 -14.987200
vt 50.030899 -15.012800
vt 50.030899 -14.987200
vt 50.025600 -15.012800
vt 50.025600 -14.987200
vt 50.026402 -15.000000
vt 50.020802 -14.992100
vt 50.017502 -15.000000
vt 50.012299 -14.993200
vt 49.979198 -15.007900
vt 49.982498 -15.000000
vt 49.973598 -15.000000
vt 49.987701 -15.006800
vt 49.979198 -14.992100
vt 49.987701 -14.993200
vt 50.020802 -15.007900
vt 50.012299 -15.006800
vt 50.000000 -15.012000
vt 50.000000 -14.988000
vt 49.969101 -15.013600
vt 49.961899 -15.000000
vt 49.954102 -15.013600
vt 49.945900 -15.000000
vt 49.954102 -14.986400
vt 49.969101 -14.986400
vt 50.030899 -15.013600
vt 50.045898 -15.013600
vt 50.038101 -15.000000
vt 50.054100 -15.000000
vt 50.045898 -14.986400
vt 50.030899 -14.986400
vt 50.000000 -15.012800
vt 50.000000 -14.987200
vt 49.962101 -14.986400
vt 49.986099 -15.000000
vt 49.978100 -14.986400
vt 49.952702 -15.000000
vt 49.962101 -15.013600
vt 49.978100 -15.013600
vt 50.013901 -15.000000
vt 50.037899 -14.986400
vt 50.021900 -14.986400
vt 50.047298 -15.000000
vt 50.037899 -15.013600
vt 50.021900 -15.013600
vt 49.984501 -14.991900
vt 49.980099 -15.000000
vt 49.986000 -14.992700
vt 49.978001 -15.000000
vt 49.984501 -15.008100
vt 49.986000 -15.007300
vt 50.019901 -15.000000
vt 50.015499 -14.991900
vt 50.014000 -14.992700
vt 50.021999 -15.000000
vt 50.015499 -15.008100
vt 50.014000 -15.007300
vt 50.015701 -15.000000
vt 50.012001 -14.987700
vt 50.000000 -15.000000
vt 50.000000 -14.985400
vt 50.012001 -15.012300
vt 50.000000 -15.014600
vt 49.987999 -15.012300
vt 49.984299 -15.000000
vt 49.987999 -14.987700
vt 50.000000 -14.989100
vt 50.000000 -15.010900
vt 49.986301 -15.054000
vt 49.983200 -15.048300
vt 50.013699 -15.054000
vt 50.016800 -15.048300
vt 49.984100 -15.072400
vt 50.000000 -15.092500
vt 50.000000 -15.086500
vt 50.000000 -15.072400
vt 50.015900 -15.072400
vt 50.015900 -14.958200
vt 50.022099 -14.948700
vt 50.014599 -14.948800
vt 49.984100 -14.958200
vt 49.985401 -14.948800
vt 49.977901 -14.948700
vt 50.000000 -14.954000
vt 50.000000 -14.961800
vt 50.019501 -14.935800
vt 50.036999 -14.931300
vt 50.028000 -14.924300
vt 50.030998 -14.943300
vt 49.980499 -14.935800
vt 49.963001 -14.931300
vt 49.969002 -14.943300
vt 49.972000 -14.924300
vt 50.030899 -14.917500
vt 50.037800 -14.931100
vt 50.045898 -14.929900
vt 50.040298 -14.943200
vt 50.031799 -14.943700
vt 50.031700 -14.952800
vt 50.025902 -14.921500
vt 50.027901 -14.902500
vt 50.021900 -14.900500
vt 50.037899 -14.892500
vt 49.974098 -14.921500
vt 49.972099 -14.902500
vt 49.969101 -14.917500
vt 49.978100 -14.900500
vt 49.962101 -14.892500
vt 49.962200 -14.931100
vt 49.954102 -14.929900
vt 49.959702 -14.943200
vt 49.968201 -14.943700
vt 49.968300 -14.952800
vt 50.030899 -14.942300
vt 50.000000 -14.949100
vt 50.000000 -14.958100
vt 50.025600 -14.937000
vt 49.969101 -14.942300
vt 49.974400 -14.937000
vt 50.012001 -15.058900
vt 49.987999 -15.058900
vt 50.012001 -14.922300
vt 50.012001 -14.931300
vt 50.023800 -14.930000
vt 50.000000 -14.932300
vt 50.006001 -14.936300
vt 50.008999 -14.947300
vt 50.013000 -14.943300
vt 50.000000 -14.939300
vt 49.993999 -14.936300
vt 49.991001 -14.947300
vt 49.987000 -14.943300
vt 49.987999 -14.931300
vt 49.987999 -14.922300
vt 49.976200 -14.930000
vt 50.000000 -14.920300
vt 50.012001 -14.931200
vt 50.012001 -14.922600
vt 50.000000 -14.911300
vt 49.987999 -14.922600
vt 49.987999 -14.931200
vt 50.000000 -15.050000
vt 50.000000 -15.105200
vt 50.021801 -15.073000
vt 49.978199 -15.073000
vt 50.019199 -15.064800
vt 49.980801 -15.064800
vt 50.012299 -15.050000
vt 50.020802 -15.056000
vt 49.987701 -15.050000
vt 49.979198 -15.056000
vt 49.985298 -14.966100
vt 49.974098 -14.960000
vt 49.979198 -14.969500
vt 50.000000 -14.969500
vt 50.025902 -14.960000
vt 50.014702 -14.966100
vt 50.020802 -14.969500
vt 50.014000 -15.040400
vt 50.015499 -15.041900
vt 50.000000 -15.040400
vt 49.986000 -15.040400
vt 49.984501 -15.041900
vt 50.035900 -15.000000
vt 50.027901 -15.013600
vt 50.027401 -15.000000
vt 50.040298 -15.013600
vt 50.048302 -15.000000
vt 50.040298 -14.986400
vt 49.964100 -15.000000
vt 49.972099 -15.013600
vt 49.959702 -15.013600
vt 49.972599 -15.000000
vt 49.951698 -15.000000
vt 49.959702 -14.986400
vt 49.972099 -14.986400
vt 49.985298 -15.000000
vt 49.985298 -14.992400
vt 49.979198 -15.000000
vt 49.985298 -15.007700
vt 50.000000 -14.989200
vt 50.000000 -15.010800
vt 50.014702 -14.992400
vt 50.014702 -15.007700
vt 50.014702 -15.000000
vt 50.020802 -15.000000
vt 50.025902 -14.986400
vt 50.018600 -15.000000
vt 50.029598 -15.000000
vt 50.037800 -14.986400
vt 50.025902 -15.013600
vt 50.037800 -15.013600
vt 49.981400 -15.000000
vt 49.974098 -14.986400
vt 49.970402 -15.000000
vt 49.962200 -14.986400
vt 49.974098 -15.013600
vt 49.962200 -15.013600
vt 50.006001 -14.988000
vt 50.006001 -15.012000
vt 49.993999 -15.012000
vt 49.993999 -14.988000
vt 50.008999 -15.012000
vt 50.008999 -14.988000
vt 49.991001 -15.012000
vt 49.991001 -14.988000
vt 50.030998 -15.014400
vt 50.019501 -15.012000
vt 50.019501 -15.014400
vt 50.030998 -14.985600
vt 50.019501 -14.988000
vt 50.019501 -14.985600
vt 49.969002 -15.014400
vt 49.980499 -14.988000
vt 49.969002 -14.985600
vt 49.980499 -14.985600
vt 49.980499 -15.012000
vt 49.980499 -15.014400
vt 18.004400 -34.974701
vt 18.000000 -34.987400
vt 18.007299 -34.987400
vt 18.000000 -34.974701
vt 17.995600 -34.974701
vt 17.992701 -34.987400
vt 18.004400 -35.025299
vt 18.007299 -35.012600
vt 18.000000 -35.012600
vt 18.000000 -35.025299
vt 17.995600 -35.025299
vt 17.992701 -35.012600
vt 18.004400 -35.000000
vt 18.000000 -35.000000
vt 17.995600 -35.000000
vt 18.000000 -35.037899
vt 17.992701 -35.037899
vt 18.007299 -35.037899
vt 18.007299 -34.962101
vt 18.000000 -34.962101
vt 17.992701 -34.962101
vt 17.987801 -34.974701
vt 17.986000 -34.987400
vt 18.012199 -34.974701
vt 18.014000 -34.987400
vt 17.987801 -35.025299
vt 17.986000 -35.012600
vt 18.012199 -35.025299
vt 18.014000 -35.012600
vt 17.987801 -35.000000
vt 18.012199 -35.000000
vt 17.986000 -35.037899
vt 18.014000 -35.037899
vt 17.986000 -34.962101
vt 18.014000 -34.962101
vt 58.015202 -50.990101
vt 57.984798 -50.990101
vt 58.015202 -50.999599
vt 57.984798 -50.999599
vt 58.015202 -51.004902
vt 57.984798 -51.004902
vt 58.015202 -51.012402
vt 57.984798 -51.012402
vt 58.007301 -51.015202
vt 58.007301 -50.984798
vt 58.000000 -51.015202
vt 58.000000 -50.984798
vt 57.992699 -51.015202
vt 57.992699 -50.984798
vt 58.000000 -51.000401
vt 57.992699 -50.990101
vt 57.990002 -50.999599
vt 58.000000 -50.987598
vt 58.003601 -50.995201
vt 58.009998 -50.999599
vt 58.007301 -50.990101
vt 57.994999 -51.004902
vt 58.000000 -51.012402
vt 58.005001 -51.004902
s 1
usemtl Meshpart1Mtl.001
f 1/1/1 2/2/2 3/3/3
f 4/4/3 2/2/2 1/1/1
f 2/2/2 4/4/3 5/5/4
f 5/5/4 6/6/5 2/2/2
f 5/5/4 7/7/5 6/6/5
f 8/8/6 9/6/7 10/7/7
f 9/6/7 8/8/6 11/9/8
f 8/8/6 12/10/9 11/9/8
f 12/10/9 13/11/9 11/9/8
f 13/11/9 12/10/9 14/12/10
f 15/13/11 11/9/8 13/11/9
f 16/14/9 11/9/8 15/13/11
f 17/6/12 18/9/12 19/2/12
f 18/9/12 20/3/13 19/2/12
f 20/3/13 18/9/12 21/14/13
f 22/15/14 23/16/15 24/17/16
f 25/18/17 22/15/14 24/17/16
f 25/18/17 26/19/17 22/15/14
f 27/20/17 26/19/17 25/18/17
f 26/19/17 27/20/17 28/21/17
f 27/20/17 29/22/17 28/21/17
f 29/22/17 27/20/17 30/23/17
f 29/22/17 30/23/17 31/24/17
f 32/25/17 31/24/17 30/23/17
f 33/26/17 31/24/17 32/25/17
f 31/24/17 33/26/17 34/27/17
f 34/27/17 33/26/17 35/28/17
f 36/29/18 37/30/19 38/31/19
f 37/30/19 36/29/18 39/32/20
f 36/29/18 40/33/21 39/32/20
f 41/34/21 39/32/20 40/33/21
f 42/35/21 39/32/20 41/34/21
f 43/36/22 44/37/22 45/38/22
f 43/36/22 46/39/23 44/37/22
f 46/39/23 47/40/22 44/37/22
f 47/40/22 46/39/23 48/41/22
f 46/39/23 43/36/22 49/42/24
f 50/30/25 46/39/23 49/42/24
f 49/42/24 51/31/25 50/30/25
f 52/35/26 53/39/26 54/32/26
f 53/39/26 55/30/26 54/32/26
f 53/39/26 52/35/26 56/41/26
f 59/43/27 57/44/28 58/45/29
f 60/46/27 59/43/27 58/45/29
f 60/46/27 61/47/27 59/43/27
f 62/48/27 61/47/27 60/46/27
f 61/47/27 62/48/27 63/49/27
f 61/47/27 63/49/27 64/50/30
f 64/50/30 65/51/30 61/47/27
f 64/50/30 66/52/30 65/51/30
f 64/50/30 67/53/30 66/52/30
f 67/53/30 64/50/30 68/54/30
f 67/53/30 68/54/30 69/55/30
f 70/56/31 71/57/32 72/58/31
f 73/59/33 72/58/31 71/57/32
f 72/58/31 73/59/33 74/60/34
f 74/60/34 73/59/33 75/61/35
f 73/59/33 71/57/32 76/62/36
f 71/57/32 77/63/37 76/62/36
f 77/63/37 71/57/32 78/64/38
f 79/65/39 77/63/37 78/64/38
f 77/63/37 79/65/39 80/66/40
f 80/66/40 81/67/40 77/63/37
f 82/68/40 77/63/37 81/67/40
f 83/69/41 84/70/42 85/71/43
f 85/71/43 84/70/42 86/72/43
f 85/71/43 86/72/43 87/73/44
f 83/69/41 88/68/13 84/70/42
f 89/63/12 88/68/13 83/69/41
f 83/69/41 90/62/12 89/63/12
f 83/69/41 91/59/12 90/62/12
f 92/74/45 93/75/46 94/76/28
f 95/77/29 94/76/28 93/75/46
f 93/75/46 92/74/45 96/78/46
f 92/74/45 97/79/47 96/78/46
f 97/79/47 92/74/45 98/80/48
f 99/81/49 100/82/50 101/83/49
f 102/84/51 100/82/50 99/81/49
f 101/83/49 100/82/50 103/85/49
f 103/85/49 104/86/49 101/83/49
f 105/87/52 106/88/53 107/89/54
f 108/90/55 105/87/52 107/89/54
f 108/90/55 107/89/54 109/91/55
f 107/89/54 110/92/56 109/91/55
f 106/88/53 111/93/57 107/89/54
f 111/93/57 106/88/53 112/94/58
f 112/94/58 106/88/53 113/95/59
f 106/88/53 114/96/60 113/95/59
f 115/97/26 116/84/26 117/92/26
f 116/84/26 115/97/26 118/82/26
f 119/89/61 115/97/26 117/92/26
f 115/97/26 119/89/61 120/93/62
f 123/97/63 121/85/64 124/82/65
f 122/98/66 121/85/64 123/97/63
f 125/93/65 122/98/66 123/97/63
f 122/98/66 125/93/65 126/94/65
f 122/98/66 126/94/65 127/99/65
f 122/98/66 127/99/65 128/100/63
f 127/99/65 126/94/65 129/95/65
f 129/95/65 130/96/65 127/99/65
f 131/101/67 132/102/68 133/103/69
f 134/104/67 133/103/69 132/102/68
f 133/103/69 134/104/67 135/105/70
f 132/102/68 131/101/67 136/106/68
f 136/106/68 137/107/68 132/102/68
f 137/107/68 136/106/68 138/108/68
f 138/108/68 136/106/68 139/109/69
f 140/110/71 141/111/71 142/112/71
f 143/113/71 141/111/71 140/110/71
f 140/110/71 142/112/71 144/114/71
f 145/115/72 146/116/72 147/117/72
f 148/118/73 149/119/74 150/120/74
f 151/121/75 149/119/74 148/118/73
f 151/121/75 148/118/73 152/122/75
f 153/123/12 154/124/12 155/125/12
f 156/126/12 154/124/12 153/123/12
f 157/127/76 154/124/12 156/126/12
f 154/124/12 157/127/76 158/115/77
f 158/115/77 157/127/76 159/116/12
f 160/128/12 157/127/76 156/126/12
f 161/129/12 157/127/76 160/128/12
f 162/126/78 163/123/79 164/130/80
f 164/130/80 163/123/79 165/131/81
f 166/132/82 162/126/78 164/130/80
f 162/126/78 166/132/82 167/128/83
f 166/132/82 168/129/84 167/128/83
f 166/132/82 169/121/84 168/129/84
f 168/129/84 169/121/84 170/122/84
f 163/123/79 171/133/85 165/131/81
f 163/123/79 172/134/86 171/133/85
f 172/134/86 163/123/79 173/125/86
f 172/134/86 174/135/86 171/133/85
f 174/135/86 172/134/86 175/136/86
f 176/137/87 177/138/88 178/139/89
f 177/138/88 176/137/87 179/140/90
f 179/140/90 176/137/87 180/141/89
f 176/137/87 181/142/91 180/141/89
f 177/138/88 179/140/90 182/143/89
f 181/142/91 176/137/87 183/144/92
f 183/144/92 176/137/87 184/145/93
f 184/145/93 185/146/94 183/144/92
f 182/143/89 179/140/90 186/147/95
f 182/143/89 186/147/95 187/148/89
f 188/149/89 182/143/89 187/148/89
f 182/143/89 188/149/89 189/150/89
f 190/151/96 191/152/96 192/153/97
f 191/152/96 190/151/96 193/154/97
f 194/151/98 195/155/62 196/156/26
f 195/155/62 194/151/98 197/153/62
f 198/157/26 195/155/62 197/153/62
f 199/158/61 195/155/62 198/157/26
f 195/155/62 199/158/61 200/159/26
f 200/159/26 199/158/61 201/160/26
f 202/155/99 203/161/100 204/162/101
f 202/155/99 205/159/102 203/161/100
f 204/162/101 206/156/103 202/155/99
f 207/160/104 203/161/100 205/159/102
f 206/156/103 204/162/101 208/163/105
f 203/161/100 207/160/104 209/164/106
f 210/165/107 209/164/106 207/160/104
f 211/166/107 209/164/106 210/165/107
f 212/167/107 209/164/106 211/166/107
f 208/163/105 213/151/108 206/156/103
f 214/168/108 213/151/108 208/163/105
f 213/151/108 214/168/108 215/154/108
f 214/168/108 208/163/105 216/169/108
f 214/168/108 216/169/108 217/170/109
f 214/168/108 217/170/109 218/171/108
f 219/172/31 220/173/31 221/174/33
f 220/173/31 219/172/31 222/175/31
f 223/176/110 224/174/111 225/173/112
f 228/177/113 227/178/114 226/176/115
f 229/179/116 228/177/113 226/176/115
f 229/179/116 230/180/117 231/181/118
f 229/179/116 226/176/115 230/180/117
f 226/176/115 232/182/110 230/180/117
f 232/182/110 226/176/115 233/183/112
f 226/176/115 234/184/111 233/183/112
f 234/184/111 226/176/115 235/173/112
f 234/184/111 235/173/112 236/175/112
f 237/185/119 238/186/119 239/187/120
f 240/188/119 238/186/119 237/185/119
f 241/189/115 239/187/120 238/186/119
f 239/187/120 241/189/115 242/190/114
f 243/191/121 244/192/122 245/193/123
f 246/194/124 245/193/123 244/192/122
f 247/195/124 245/193/123 246/194/124
f 245/193/123 247/195/124 248/196/125
f 249/197/124 247/195/124 246/194/124
f 247/195/124 249/197/124 250/198/124
f 251/199/26 252/191/126 253/193/26
f 253/193/26 254/200/127 251/199/26
f 251/199/26 254/200/127 255/201/128
f 254/200/127 256/202/129 255/201/128
f 254/200/127 253/193/26 257/203/26
f 257/203/26 253/193/26 258/196/26
f 259/204/130 260/205/131 261/206/132
f 262/207/133 260/205/131 259/204/130
f 260/205/131 262/207/133 263/208/133
f 263/208/133 262/207/133 264/209/134
f 262/207/133 265/210/133 264/209/134
f 266/211/133 265/210/133 262/207/133
f 267/212/133 265/210/133 266/211/133
f 265/210/133 267/212/133 268/213/135
f 267/212/133 269/214/136 268/213/135
f 269/214/136 267/212/133 270/215/137
f 269/214/136 271/216/138 268/213/135
f 271/216/138 269/214/136 272/217/139
f 273/218/139 271/216/138 272/217/139
f 271/216/138 273/218/139 274/219/139
f 275/220/138 274/219/139 273/218/139
f 276/221/140 277/222/140 278/223/140
f 277/222/140 279/224/140 278/223/140
f 277/222/140 276/221/140 280/225/140
f 281/226/141 282/227/142 283/228/143
f 281/226/141 283/228/143 284/229/144
f 282/227/142 281/226/141 285/230/142
f 286/231/145 281/226/141 284/229/144
f 282/227/142 285/230/142 287/232/142
f 288/233/142 282/227/142 287/232/142
f 282/227/142 288/233/142 289/234/142
f 284/229/144 290/235/146 286/231/145
f 290/235/146 284/229/144 291/236/147
f 292/237/148 290/235/146 291/236/147
f 290/235/146 292/237/148 293/238/148
f 294/239/149 295/240/150 296/241/151
f 294/239/149 296/241/151 297/242/152
f 295/240/150 298/243/153 296/241/151
f 299/244/154 294/239/149 297/242/152
f 298/243/153 295/240/150 300/245/155
f 301/238/156 298/243/153 300/245/155
f 298/243/153 301/238/156 302/237/157
f 303/246/158 294/239/149 299/244/154
f 299/244/154 304/247/159 303/246/158
f 304/247/159 299/244/154 305/221/160
f 306/223/140 304/247/159 305/221/160
f 304/247/159 306/223/140 307/224/140
f 307/224/140 308/248/140 304/247/159
f 309/242/13 310/221/13 311/244/12
f 312/241/13 310/221/13 309/242/13
f 310/221/13 312/241/13 313/237/12
f 313/237/12 312/241/13 314/243/12
f 315/236/13 316/221/76 317/237/12
f 318/228/161 316/221/76 315/236/13
f 315/236/13 319/229/161 318/228/161
f 316/221/76 318/228/161 320/225/12
f 320/225/12 318/228/161 321/249/12
f 318/228/161 322/227/12 321/249/12
f 323/250/162 324/251/163 325/252/163
f 324/251/163 326/253/163 325/252/163
f 324/251/163 323/250/162 327/254/164
f 328/247/165 329/255/166 330/256/167
f 329/255/166 328/247/165 331/257/168
f 332/225/169 328/247/165 330/256/167
f 333/258/170 328/247/165 332/225/169
f 332/225/169 334/259/171 333/258/170
f 334/259/171 332/225/169 335/260/172
f 336/261/173 334/259/171 335/260/172
f 334/259/171 336/261/173 337/262/173
f 338/263/173 334/259/171 337/262/173
f 339/235/174 340/251/175 341/264/176
f 341/264/176 340/251/175 342/254/177
f 340/251/175 339/235/174 343/253/175
f 343/253/175 339/235/174 344/265/175
f 341/264/176 345/243/178 339/235/174
f 339/235/174 345/243/178 346/245/179
f 345/243/178 347/266/180 346/245/179
f 347/266/180 345/243/178 348/241/181
f 349/242/182 347/266/180 348/241/181
f 347/266/180 349/242/182 350/267/183
f 351/244/184 350/267/183 349/242/182
f 352/246/185 350/267/183 351/244/184
f 351/244/184 353/257/186 352/246/185
f 353/257/186 351/244/184 354/255/186
f 355/242/126 356/255/126 357/244/187
f 356/255/126 355/242/126 358/268/62
f 359/241/26 358/268/62 355/242/126
f 360/243/26 358/268/62 359/241/26
f 358/268/62 360/243/26 361/264/26
f 358/268/62 361/264/26 362/254/126
f 356/255/26 362/254/126 363/256/26
f 364/269/26 363/256/26 362/254/126
f 364/269/26 362/254/126 365/250/62
f 363/256/26 364/269/26 366/260/26
f 363/256/26 366/260/26 367/225/26
f 368/270/26 366/260/26 364/269/26
f 366/260/26 368/270/26 369/261/26
usemtl Meshpart6Mtl
f 370/271/188 371/272/189 372/273/190
f 370/271/188 372/273/190 373/274/191
f 372/273/190 374/275/192 373/274/191
f 374/275/192 372/273/190 375/276/193
f 376/277/194 377/278/194 378/279/194
f 377/278/194 376/277/194 379/280/194
f 380/281/195 381/277/195 382/282/195
f 382/282/195 381/277/195 383/279/195
f 384/283/196 385/284/197 386/285/198
f 385/284/197 384/283/196 387/286/197
f 386/285/198 388/287/199 384/283/196
f 389/288/199 388/287/199 386/285/198
f 390/289/200 388/287/199 389/288/199
f 388/287/199 390/289/200 391/290/201
f 392/287/202 393/291/203 394/283/204
f 395/292/205 394/283/204 393/291/203
f 396/286/205 394/283/204 395/292/205
f 393/291/203 392/287/202 397/293/202
f 392/287/202 398/294/206 397/293/202
f 399/290/207 398/294/206 392/287/202
f 400/295/208 401/296/209 402/297/209
f 402/297/209 403/298/208 400/295/208
f 404/299/210 405/300/211 406/301/211
f 408/302/212 407/303/213 404/299/214
f 407/303/213 408/302/212 409/304/215
f 412/305/216 410/306/217 411/307/218
f 411/307/218 413/308/219 412/305/216
f 412/305/220 414/309/221 415/310/221
f 416/309/222 418/311/223 419/312/222
f 420/307/224 418/311/225 417/308/226
f 418/311/225 420/307/224 421/313/227
f 424/314/228 423/315/229 422/302/230
f 424/314/228 422/302/230 425/299/231
f 425/299/231 426/316/232 424/314/228
f 425/299/231 427/301/232 426/316/232
f 428/317/233 429/318/234 430/319/234
f 429/318/234 431/320/235 430/319/234
f 432/321/236 433/322/236 434/323/237
f 433/322/236 432/321/236 435/324/236
f 436/325/238 437/326/238 438/327/238
f 438/327/238 439/328/238 436/325/238
f 440/329/239 441/330/240 442/331/239
f 442/331/239 443/332/239 440/329/239
f 443/332/239 442/331/239 444/333/239
f 441/330/240 440/329/239 445/334/239
f 446/335/240 441/330/240 445/334/239
f 441/330/240 446/335/240 447/336/239
f 448/337/241 449/277/241 450/281/241
f 449/277/241 448/337/241 451/338/241
f 452/277/242 453/339/243 454/280/243
f 453/339/243 452/277/242 455/338/242
f 459/340/244 457/341/245 456/342/246
f 457/341/245 459/340/244 461/343/247
f 458/344/248 460/345/249 462/346/250
f 463/347/251 458/344/248 462/346/250
f 463/347/251 462/346/250 464/312/252
f 464/312/252 465/309/252 463/347/251
f 466/340/253 467/348/254 468/349/255
f 467/348/254 466/340/253 469/342/256
f 470/344/257 472/350/258 471/351/259
f 472/350/258 470/344/257 473/347/260
f 473/347/260 474/310/261 472/350/258
f 474/310/261 473/347/260 475/309/262
f 476/352/263 477/353/263 478/296/263
f 478/296/263 479/295/263 476/352/263
f 480/354/264 481/273/265 482/272/266
f 481/273/265 480/354/264 483/355/265
f 481/273/265 483/355/265 484/356/267
f 481/273/265 484/356/267 485/276/268
f 486/357/269 487/358/269 488/359/269
f 488/359/269 487/358/269 489/360/269
f 490/361/270 491/362/270 492/363/270
f 492/363/270 491/362/270 493/364/270
f 494/365/271 495/366/271 496/367/271
f 496/367/271 497/368/271 494/365/271
f 498/369/272 499/370/273 500/371/273
f 499/370/273 498/369/272 501/372/272
f 502/373/274 503/374/275 504/375/275
f 504/375/275 505/376/276 502/373/274
f 506/377/277 507/376/278 508/375/279
f 507/376/278 506/377/277 509/378/280
f 510/379/281 511/380/209 512/381/282
f 512/381/282 513/382/281 510/379/281
f 514/383/283 515/384/284 516/385/285
f 516/385/285 515/384/284 517/386/284
f 519/387/286 518/388/287 520/389/288
f 518/388/287 521/390/288 520/389/288
f 522/391/200 524/392/289 523/393/290
f 524/392/289 522/391/200 525/394/289
f 528/392/291 526/395/292 527/393/293
f 526/395/292 528/392/291 529/396/291
f 532/389/294 530/397/295 531/387/296
f 530/397/295 532/389/294 533/398/294
f 534/399/297 535/368/297 536/367/297
f 535/368/297 534/399/297 537/400/297
f 538/370/298 539/372/298 540/399/298
f 540/399/298 539/372/298 541/400/298
f 543/401/299 542/402/300 544/403/301
f 542/402/300 545/404/218 544/403/301
f 548/402/302 547/405/227 546/404/224
f 547/405/227 548/402/302 549/406/303
f 551/407/304 552/408/305 550/409/306
f 550/409/306 552/408/305 553/410/307
f 555/411/308 556/409/309 554/410/310
f 556/409/309 555/411/308 557/412/311
f 558/381/312 559/413/313 560/382/313
f 559/413/313 561/414/313 560/382/313
f 562/385/314 563/386/314 564/413/314
f 564/413/314 563/386/314 565/414/314
f 568/415/315 566/416/316 567/417/317
f 566/416/316 568/415/315 569/418/318
f 570/416/319 572/419/320 571/420/321
f 570/416/319 573/418/320 572/419/320
f 574/421/244 576/422/322 575/423/247
f 576/422/322 574/421/244 577/424/322
f 580/425/323 578/421/253 579/426/324
f 578/421/253 580/425/323 581/424/325
f 582/427/326 583/428/327 584/429/328
f 583/428/327 582/427/326 585/430/327
f 585/430/327 586/431/329 583/428/327
f 587/432/330 583/428/327 586/431/329
f 590/433/331 589/434/332 588/435/333
f 592/436/331 589/434/332 590/433/331
f 590/433/331 593/437/334 592/436/331
f 593/437/334 590/433/331 591/438/335
f 594/439/336 595/440/337 596/441/337
f 596/441/337 595/440/337 597/442/337
f 598/443/338 599/441/339 600/444/340
f 599/441/339 598/443/338 601/439/341
f 602/444/342 603/441/343 604/445/342
f 604/445/342 603/441/343 605/446/343
f 606/441/344 607/447/345 608/446/346
f 607/447/345 606/441/344 609/442/345
f 610/394/347 611/396/347 612/392/347
f 610/394/347 613/448/347 611/396/347
f 614/449/347 613/448/347 610/394/347
f 613/448/347 614/449/347 615/398/347
f 615/398/347 616/390/347 613/448/347
f 616/390/347 615/398/347 617/389/347
f 618/450/348 622/273/349 620/451/350
f 622/273/349 619/452/351 621/453/193
f 622/273/349 618/450/348 623/274/352
f 619/452/351 622/273/349 623/274/352
f 624/454/353 625/455/354 626/456/354
f 626/456/354 627/457/353 624/454/353
f 628/458/355 629/456/355 630/455/355
f 629/456/355 628/458/355 631/457/356
f 634/459/357 632/460/358 636/461/359
f 635/462/360 637/463/361 633/464/362
f 636/461/359 638/465/363 634/459/357
f 635/462/360 638/465/363 637/463/361
f 639/466/363 634/459/357 638/465/363
f 638/465/363 635/462/360 639/466/363
f 640/467/161 641/468/76 642/469/12
f 641/468/76 640/467/161 643/470/13
f 644/471/161 645/472/76 646/473/12
f 645/472/76 644/471/161 647/474/76
f 648/475/12 649/476/364 650/477/365
f 649/476/364 651/478/12 650/477/365
f 649/476/364 652/479/12 651/478/12
f 653/480/12 651/478/12 652/479/12
f 649/476/364 648/475/12 654/481/365
f 655/482/12 654/481/365 648/475/12
f 654/481/365 655/482/12 656/483/12
f 655/482/12 657/484/12 656/483/12
f 658/485/161 659/486/364 660/487/12
f 659/486/364 658/485/161 661/488/364
f 661/488/364 662/489/12 659/486/364
f 663/490/364 658/485/161 660/487/12
f 660/487/12 664/491/365 663/490/364
f 665/492/364 663/490/364 664/491/365
f 663/490/364 665/492/364 666/493/13
f 665/492/364 667/494/13 666/493/13
f 668/495/365 669/496/12 670/497/12
f 669/496/12 668/495/365 671/498/12
f 669/496/12 672/499/12 670/497/12
f 672/499/12 669/496/12 673/500/12
f 674/501/366 675/457/366 676/458/366
f 675/457/366 674/501/366 677/274/366
f 678/457/367 679/502/367 680/454/367
f 679/502/367 678/457/367 681/274/367
f 682/503/12 683/504/364 684/505/12
f 683/504/364 685/467/12 684/505/12
f 686/506/368 683/504/364 682/503/12
f 683/504/364 686/506/368 687/507/12
f 687/507/12 688/508/12 689/509/13
f 688/508/12 687/507/12 690/510/12
f 686/506/368 690/510/12 687/507/12
f 690/510/12 686/506/368 691/511/12
f 691/511/12 692/512/12 690/510/12
f 691/511/12 693/513/13 692/512/12
f 686/506/368 694/514/12 691/511/12
f 694/514/12 686/506/368 695/515/12
f 696/516/13 694/514/12 695/515/12
f 694/514/12 696/516/13 697/471/12
f 698/517/12 699/518/12 700/519/12
f 700/519/12 701/520/12 698/517/12
f 701/520/12 702/521/12 698/517/12
f 703/522/12 698/517/12 702/521/12
f 704/523/369 705/524/369 706/525/370
f 704/523/369 707/526/371 705/524/369
f 704/523/369 706/525/370 708/527/370
f 707/526/371 704/523/369 709/528/372
f 708/527/370 710/529/370 704/523/369
f 710/529/370 708/527/370 711/530/373
f 712/531/371 709/528/372 704/523/369
f 709/528/372 712/531/371 713/532/371
f 716/533/374 714/534/375 715/535/376
f 716/533/374 717/462/377 714/534/375
f 716/533/374 719/466/378 717/462/377
f 719/466/378 716/533/374 721/536/379
f 718/537/380 722/538/381 720/539/236
f 721/536/379 722/538/381 719/466/378
f 722/538/381 718/537/380 723/459/382
f 723/459/382 719/466/378 722/538/381
f 725/540/383 726/355/384 724/541/326
f 726/355/384 725/540/383 727/542/385
f 728/543/386 726/355/384 727/542/385
f 729/544/332 726/355/384 728/543/386
f 730/541/267 732/273/387 731/453/268
f 732/273/387 730/541/267 733/355/388
f 734/544/389 732/273/387 733/355/388
f 732/273/387 734/544/389 735/451/390
f 736/275/391 738/273/392 737/276/393
f 738/273/392 736/275/391 739/274/394
f 739/274/394 740/271/395 738/273/392
f 741/272/350 738/273/392 740/271/395
f 742/278/396 743/277/396 744/280/396
f 743/277/396 742/278/396 745/279/396
f 746/277/397 747/279/398 748/282/399
f 746/277/397 748/282/399 749/281/397
f 750/284/400 751/283/401 752/286/400
f 751/283/401 750/284/400 753/285/402
f 754/287/403 751/283/401 753/285/402
f 754/287/403 753/285/402 755/288/403
f 756/289/287 754/287/403 755/288/403
f 754/287/403 756/289/287 757/290/286
f 758/294/404 759/293/405 760/287/406
f 761/291/407 760/287/406 759/293/405
f 758/294/404 760/287/406 762/290/408
f 760/287/406 761/291/407 763/283/409
f 761/291/407 764/292/410 763/283/409
f 765/286/410 763/283/409 764/292/410
f 766/295/283 767/296/411 768/298/283
f 768/298/283 767/296/411 769/297/411
f 771/316/412 770/299/413 773/301/412
f 772/314/414 774/302/415 770/299/416
f 774/302/415 772/314/414 775/315/417
f 778/311/418 777/307/307 776/313/419
f 777/307/307 778/311/418 779/308/420
f 780/309/421 778/311/418 781/312/421
f 784/305/422 783/309/423 785/310/423
f 784/305/424 786/307/310 782/308/425
f 786/307/310 784/305/424 787/306/308
f 790/303/426 788/302/427 789/304/428
f 788/302/427 790/303/426 791/299/429
f 793/301/430 791/299/431 792/300/430
f 795/318/362 794/320/432 796/319/362
f 796/319/362 797/317/360 795/318/362
f 798/324/433 799/323/433 800/321/376
f 799/323/433 798/324/433 801/322/433
f 802/326/434 803/328/434 804/325/434
f 803/328/434 802/326/434 805/327/434
f 806/330/435 807/335/436 808/336/437
f 807/335/436 806/330/435 809/334/438
f 806/330/435 810/329/439 809/334/438
f 810/329/439 806/330/435 811/331/439
f 811/331/439 812/332/435 810/329/439
f 812/332/435 811/331/439 813/333/435
f 814/338/440 815/277/440 816/337/440
f 815/277/440 817/281/440 816/337/440
f 818/277/441 819/339/441 820/280/441
f 819/339/441 818/277/441 821/338/441
f 825/340/442 823/342/443 822/348/444
f 825/340/442 822/348/444 827/349/445
f 824/344/446 828/350/447 826/351/448
f 829/347/449 828/350/447 824/344/446
f 829/347/449 830/310/450 828/350/447
f 831/309/451 830/310/450 829/347/449
f 832/341/452 833/340/453 834/343/454
f 833/340/453 832/341/452 835/342/455
f 838/346/456 836/344/457 837/345/458
f 836/344/457 838/346/456 839/347/459
f 840/312/460 839/347/459 838/346/456
f 839/347/459 840/312/460 841/309/460
f 842/352/461 843/353/461 844/295/461
f 844/295/461 843/353/461 845/296/461
f 847/276/462 848/273/463 846/356/464
f 846/356/464 848/273/463 849/355/463
f 848/273/463 850/354/389 849/355/463
f 850/354/389 848/273/463 851/272/465
f 853/425/466 852/545/214 854/546/213
f 857/547/467 855/548/468 856/549/469
f 858/547/222 859/549/226 860/550/470
f 861/551/416 862/419/471 863/552/472
f 864/553/473 866/554/421 865/555/420
f 867/555/474 868/554/423 869/556/422
f 872/415/475 871/551/476 870/557/477
f 873/558/478 874/559/479 875/560/480
f 876/561/479 873/558/478 875/560/480
f 877/441/481 874/559/479 873/558/478
f 876/561/479 877/441/481 873/558/478
f 874/559/479 877/441/481 878/562/481
f 876/561/479 879/563/481 877/441/481
f 877/441/481 880/564/482 878/562/481
f 881/565/483 877/441/481 879/563/481
f 877/441/481 882/566/484 880/564/482
f 877/441/481 881/565/483 882/566/484
f 883/567/485 880/564/482 882/566/484
f 881/565/483 883/567/485 882/566/484
f 884/568/486 885/569/487 886/570/488
f 886/570/488 887/571/448 884/568/486
f 888/572/489 890/570/490 889/569/491
f 890/570/490 888/572/489 891/573/492
f 892/574/493 893/575/494 894/576/495
f 894/576/495 893/575/494 895/577/249
f 898/576/257 896/578/496 897/574/256
f 896/578/496 898/576/257 899/579/497
f 900/383/498 901/384/498 902/413/498
f 902/413/498 901/384/498 903/414/498
f 904/380/499 905/413/499 906/379/500
f 905/413/499 907/414/499 906/379/500
f 908/580/501 909/581/501 910/370/501
f 910/370/501 911/372/501 908/580/501
f 912/582/502 913/583/502 914/367/502
f 914/367/502 913/583/502 915/368/502
f 916/400/503 917/399/503 918/584/503
f 918/584/503 919/585/503 916/400/503
f 920/399/504 921/400/504 922/586/504
f 922/586/504 921/400/504 923/587/504
f 924/588/505 925/589/506 926/590/505
f 927/591/505 925/589/506 924/588/505
f 925/589/506 927/591/505 928/592/506
f 928/592/506 927/591/505 929/593/507
f 925/589/506 928/592/506 930/372/507
f 931/370/507 925/589/506 930/372/507
f 932/594/508 933/595/508 934/596/508
f 933/595/508 935/597/509 934/596/508
f 933/595/508 932/594/508 936/598/510
f 936/598/510 932/594/508 937/599/508
f 936/598/510 938/368/509 933/595/508
f 936/598/510 939/367/509 938/368/509
f 940/377/511 941/378/511 942/375/512
f 942/375/512 941/378/511 943/376/513
f 943/376/513 944/374/514 942/375/512
f 944/374/514 943/376/513 945/373/515
f 946/274/516 947/452/517 948/273/516
f 948/273/516 949/450/518 946/274/516
f 950/453/393 948/273/516 947/452/517
f 949/450/518 948/273/516 951/451/189
f 952/454/519 953/456/520 954/457/519
f 952/454/519 955/455/519 953/456/520
f 956/458/521 957/456/521 958/455/521
f 957/456/521 956/458/521 959/457/521
f 960/465/522 961/462/523 962/466/522
f 963/459/524 960/465/522 962/466/522
f 961/462/523 960/465/522 964/463/525
f 960/465/522 963/459/524 965/461/526
f 966/464/234 961/462/523 964/463/525
f 963/459/524 967/460/527 965/461/526
f 968/473/62 969/471/187 970/472/62
f 970/472/62 969/471/187 971/474/62
f 972/470/26 973/468/62 974/467/187
f 973/468/62 975/469/62 974/467/187
f 976/487/61 977/491/26 978/490/26
f 977/491/26 979/492/26 978/490/26
f 979/492/26 980/493/26 978/490/26
f 980/493/26 979/492/26 981/494/26
f 976/487/61 978/490/26 982/485/61
f 982/485/61 983/486/61 976/487/61
f 983/486/61 982/485/61 984/488/61
f 984/488/61 985/489/26 983/486/61
f 986/478/26 987/479/126 988/480/126
f 987/479/126 986/478/26 989/476/62
f 986/478/26 990/477/26 989/476/62
f 991/475/26 989/476/62 990/477/26
f 992/481/528 989/476/62 991/475/26
f 993/482/26 992/481/528 991/475/26
f 992/481/528 993/482/26 994/483/26
f 995/484/26 994/483/26 993/482/26
f 996/499/126 997/497/26 998/496/26
f 998/496/26 999/500/61 996/499/126
f 997/497/26 1000/495/126 998/496/26
f 998/496/26 1000/495/126 1001/498/187
f 1002/501/529 1003/274/529 1004/457/529
f 1004/457/529 1005/458/529 1002/501/529
f 1006/502/530 1007/457/530 1008/274/530
f 1007/457/530 1006/502/530 1009/454/530
f 1010/516/126 1011/514/62 1012/515/26
f 1011/514/62 1010/516/126 1013/471/26
f 1014/506/26 1012/515/26 1011/514/62
f 1015/511/26 1014/506/26 1011/514/62
f 1016/512/26 1015/511/26 1017/513/26
f 1015/511/26 1016/512/26 1018/510/26
f 1014/506/26 1015/511/26 1018/510/26
f 1018/510/26 1019/507/26 1014/506/26
f 1020/508/26 1019/507/26 1018/510/26
f 1019/507/26 1020/508/26 1021/509/26
f 1022/504/61 1014/506/26 1019/507/26
f 1014/506/26 1022/504/61 1023/503/26
f 1022/504/61 1024/505/62 1023/503/26
f 1024/505/62 1022/504/61 1025/467/26
f 1026/519/26 1027/520/26 1028/517/26
f 1028/517/26 1029/518/26 1026/519/26
f 1027/520/26 1030/521/26 1028/517/26
f 1031/522/26 1028/517/26 1030/521/26
f 1032/523/531 1033/524/531 1034/525/532
f 1032/523/531 1035/526/533 1033/524/531
f 1032/523/531 1034/525/532 1036/527/534
f 1035/526/533 1032/523/531 1037/528/533
f 1036/527/534 1038/529/534 1032/523/531
f 1038/529/534 1036/527/534 1039/530/535
f 1040/531/533 1037/528/533 1032/523/531
f 1037/528/533 1040/531/533 1041/532/536
f 1042/466/537 1043/538/538 1044/459/539
f 1043/538/538 1045/537/433 1044/459/539
f 1043/538/538 1042/466/537 1046/536/537
f 1045/537/433 1043/538/538 1047/539/540
f 1042/466/537 1048/533/541 1046/536/537
f 1048/533/541 1042/466/537 1049/462/542
f 1050/534/236 1048/533/541 1049/462/542
f 1050/534/236 1051/535/236 1048/533/541
f 1052/544/329 1054/355/543 1053/543/544
f 1055/542/545 1053/543/544 1054/355/543
f 1054/355/543 1056/540/546 1055/542/545
f 1056/540/546 1054/355/543 1057/541/334
f 1059/451/266 1060/273/547 1058/544/264
f 1061/355/548 1058/544/264 1060/273/547
f 1060/273/547 1062/541/464 1061/355/548
f 1062/541/464 1060/273/547 1063/453/462
usemtl Meshpart7Mtl
f 1064/600/549 1066/601/550 1065/602/549
f 1066/601/550 1064/600/549 1067/603/550
f 1066/601/550 1067/603/550 1068/604/551
f 1066/601/550 1068/604/551 1069/605/551
f 1070/606/552 1071/607/553 1072/608/554
f 1070/606/552 1072/608/554 1073/609/554
f 1072/608/554 1074/610/555 1073/609/554
f 1074/610/555 1072/608/554 1075/611/555
f 1076/612/552 1077/602/556 1078/601/554
f 1076/612/552 1078/601/554 1079/613/554
f 1078/601/554 1080/614/555 1079/613/554
f 1080/614/555 1078/601/554 1081/605/557
f 1082/612/549 1084/608/550 1083/607/549
f 1084/608/550 1082/612/549 1085/613/550
f 1084/608/550 1085/613/550 1086/614/551
f 1084/608/550 1086/614/551 1087/611/551
f 1090/615/550 1088/610/551 1089/616/551
f 1090/615/550 1091/609/550 1088/610/551
f 1090/615/550 1092/606/549 1091/609/550
f 1092/606/549 1090/615/550 1093/617/549
f 1094/600/552 1095/618/553 1096/619/554
f 1094/600/552 1096/619/554 1097/603/554
f 1096/619/554 1098/604/555 1097/603/554
f 1098/604/555 1096/619/554 1099/620/555
f 1102/601/558 1100/621/559 1101/622/559
f 1100/621/559 1102/601/558 1103/603/560
f 1102/601/558 1104/623/561 1103/603/560
f 1104/623/561 1102/601/558 1105/624/562
f 1106/625/563 1108/608/564 1107/626/563
f 1108/608/564 1106/625/563 1109/609/564
f 1110/627/565 1108/608/564 1109/609/564
f 1108/608/564 1110/627/565 1111/628/557
f 1112/629/563 1114/601/564 1113/622/563
f 1114/601/564 1112/629/563 1115/613/566
f 1116/630/565 1114/601/564 1115/613/566
f 1114/601/564 1116/630/565 1117/624/557
f 1120/608/558 1118/629/559 1119/626/559
f 1118/629/559 1120/608/558 1121/613/558
f 1120/608/558 1122/630/561 1121/613/558
f 1122/630/561 1120/608/558 1123/628/562
f 1124/615/558 1125/625/559 1126/631/559
f 1125/625/559 1124/615/558 1127/609/558
f 1124/615/558 1128/627/561 1127/609/558
f 1128/627/561 1124/615/558 1129/632/561
f 1130/621/563 1132/619/564 1131/633/563
f 1132/619/564 1130/621/563 1133/603/564
f 1134/623/565 1132/619/564 1133/603/564
f 1132/619/564 1134/623/565 1135/634/557
f 1136/604/567 1137/605/567 1138/601/568
f 1136/604/567 1138/601/568 1139/603/568
f 1138/601/568 1140/600/569 1139/603/568
f 1140/600/569 1138/601/568 1141/602/569
f 1143/610/570 1144/608/571 1142/611/570
f 1144/608/571 1143/610/570 1145/609/571
f 1144/608/571 1145/609/571 1146/606/572
f 1144/608/571 1146/606/572 1147/607/572
f 1149/614/570 1150/601/571 1148/605/570
f 1150/601/571 1149/614/570 1151/613/571
f 1152/612/572 1150/601/571 1151/613/571
f 1150/601/571 1152/612/572 1153/602/572
f 1154/614/573 1155/611/567 1156/608/568
f 1154/614/573 1156/608/568 1157/613/568
f 1156/608/568 1158/612/569 1157/613/568
f 1158/612/569 1156/608/568 1159/607/569
f 1160/606/569 1162/615/568 1161/617/569
f 1162/615/568 1160/606/569 1163/609/568
f 1164/610/573 1162/615/568 1163/609/568
f 1164/610/573 1165/616/567 1162/615/568
f 1167/604/570 1168/619/571 1166/620/570
f 1168/619/571 1167/604/570 1169/603/571
f 1168/619/571 1169/603/571 1170/600/572
f 1168/619/571 1170/600/572 1171/618/572
f 1172/623/567 1173/601/574 1174/624/575
f 1173/601/574 1172/623/567 1175/603/576
f 1175/603/576 1176/621/577 1173/601/574
f 1176/621/577 1177/622/578 1173/601/574
f 1178/628/579 1179/608/580 1180/627/579
f 1179/608/580 1181/609/580 1180/627/579
f 1179/608/580 1182/625/581 1181/609/580
f 1182/625/581 1179/608/580 1183/626/581
f 1184/624/579 1185/601/580 1186/630/582
f 1185/601/580 1187/613/580 1186/630/582
f 1185/601/580 1188/629/581 1187/613/580
f 1188/629/581 1185/601/580 1189/622/581
f 1190/630/567 1191/608/574 1192/628/575
f 1191/608/574 1190/630/567 1193/613/574
f 1193/613/574 1194/629/577 1191/608/574
f 1194/629/577 1195/626/578 1191/608/574
f 1196/627/567 1198/615/574 1197/632/575
f 1198/615/574 1196/627/567 1199/609/574
f 1199/609/574 1200/625/577 1198/615/574
f 1200/625/577 1201/631/578 1198/615/574
f 1202/634/579 1203/619/580 1204/623/579
f 1203/619/580 1205/603/580 1204/623/579
f 1203/619/580 1206/621/581 1205/603/580
f 1206/621/581 1203/619/580 1207/633/581
usemtl Meshpart8Mtl
f 1208/635/265 1209/636/265 1210/637/265
f 1210/637/265 1209/636/265 1211/638/265
f 1212/638/190 1213/639/583 1214/637/190
f 1213/639/583 1212/638/190 1215/640/584
f 1213/639/583 1215/640/584 1216/641/585
f 1216/641/585 1215/640/584 1217/642/585
f 1218/643/586 1219/644/586 1220/645/586
f 1220/645/586 1219/644/586 1221/646/586
f 1222/645/587 1223/646/587 1224/647/588
f 1224/647/588 1223/646/587 1225/648/587
f 1226/649/589 1227/650/590 1228/651/591
f 1227/650/590 1226/649/589 1229/652/592
f 1230/652/593 1231/649/594 1232/653/595
f 1231/649/594 1233/654/596 1232/653/595
f 1232/653/595 1234/655/597 1230/652/593
f 1233/654/596 1234/655/597 1232/653/595
f 1235/656/598 1236/657/599 1237/649/598
f 1235/656/598 1237/649/598 1238/651/600
f 1239/657/601 1240/658/602 1241/649/603
f 1240/658/602 1242/654/604 1241/649/603
f 1243/638/605 1244/637/606 1245/636/463
f 1245/636/463 1244/637/606 1246/635/463
f 1247/641/607 1248/640/608 1249/642/609
f 1248/640/608 1247/641/607 1250/639/610
f 1248/640/608 1250/639/610 1251/638/611
f 1251/638/611 1250/639/610 1252/637/611
f 1253/654/612 1254/655/613 1255/649/614
f 1254/655/613 1256/652/615 1255/649/614
f 1257/649/616 1258/650/617 1259/651/618
f 1260/652/619 1258/650/617 1257/649/616
f 1261/658/620 1262/649/620 1263/657/621
f 1261/658/620 1264/654/622 1262/649/620
f 1265/649/623 1266/656/623 1267/657/624
f 1266/656/623 1265/649/623 1268/651/625
